nct_id,canonical_drug,primary_target,disease,biomarker,modality,label_balanced,predicted_p,CDS,TDS,BFS,MCS,TWS,EMS,BIOLOGY_SCORE,top_strength,top_risk
NCT04621188,lorlatinib,ALK,NSCLC,PD-L1,small_molecule,1,0.8919,0.5988551802543409,0.288548,0.4722735,0.6687700999999999,0.6567052,0.5799020431168221,0.5531393675183915,MCS,TDS
NCT04038489,tamoxifen,ESR1,breast cancer,ER positive,small_molecule,0,0.8407,0.5352256586324604,0.28308800000000006,0.4212,0.6520593499999999,0.682444,0.5239947642969984,0.5240660163710419,TWS,TDS
NCT06186076,unmapped,UNKNOWN,NSCLC,EGFR mutation,unknown,1,0.812,0.29985996,0.6980135999999999,0.395905,0.3774322,0.5830036,0.4103094,0.448543172,TDS,CDS
NCT03765983,trastuzumab,ERBB2,breast cancer,HER2 amplification,antibody,1,0.8106,0.5554612688905944,0.30781400000000003,0.4719505,0.6818681,0.5711704,0.7110970643064863,0.5567706684240918,EMS,TDS
NCT03501979,tucatinib,ERBB2,breast cancer,HER2 amplification,small_molecule,0,0.7974,0.5606788688905944,0.32571800000000006,0.4750335,0.68199245,0.6551020000000001,0.7119520643064863,0.5737050984240919,EMS,TDS
NCT04202003,unmapped,UNKNOWN,AML,PD-L1,unknown,1,0.7821,0.31135073999999996,0.702474,0.4838845,0.37104220000000004,0.6502792,0.3954762,0.47129567299999997,TDS,CDS
NCT05500508,unmapped,UNKNOWN,NSCLC,,unknown,0,0.7813,0.21073626,0.7592048,0.2625,0.32800165,0.7393228000000001,0.3913494,0.430604132,TDS,CDS
NCT04176952,adagrasib,KRAS,pancreatic cancer,Biomarker selected,small_molecule,0,0.7706,0.5944112504513317,0.33981000000000006,0.3748725,0.59694385,0.7523524000000001,0.6120247992339225,0.5501299749753548,TWS,TDS
NCT05212922,unmapped,UNKNOWN,NSCLC,PD-L1,unknown,0,0.7618,0.29911224000000003,0.67713,0.49506599999999995,0.39518679999999995,0.7174264,0.36713280000000004,0.477373088,TWS,CDS
NCT04896320,tucatinib,ERBB2,breast cancer,HER2 amplification,small_molecule,0,0.7612,0.5331376688905943,0.32455400000000006,0.40623149999999997,0.6532096999999999,0.5808172,0.7137700643064863,0.5410753884240918,EMS,TDS
NCT05583110,tucatinib,ERBB2,breast cancer,HER2 amplification,small_molecule,1,0.7441,0.5333644688905943,0.3249080000000001,0.4252785,0.6062078,0.7449363999999999,0.7032436643064863,0.5576694384240918,TWS,TDS
NCT05917470,unmapped,UNKNOWN,prostate cancer,,unknown,0,0.7266,0.20424174,0.7486808,0.2625,0.3717493,0.6744075999999999,0.318915,0.415873718,TDS,CDS
NCT04111107,unmapped,UNKNOWN,lymphoma,Biomarker selected,unknown,0,0.7242,0.2642412,0.7575696,0.4650435,0.39869995,0.7246132,0.39210600000000007,0.483488075,TDS,CDS
NCT03803761,fulvestrant,ESR1,breast cancer,PIK3CA mutation,small_molecule,0,0.7242,0.5447560586324603,0.3251180000000001,0.453358,0.659978,0.6995799999999999,0.5214837642969985,0.5408777763710418,TWS,TDS
NCT04093323,unmapped,UNKNOWN,melanoma,PD-L1,unknown,0,0.7088,0.30505038,0.7409020000000001,0.4409295,0.36718795000000004,0.7052932000000001,0.41279459999999996,0.479435561,TDS,CDS
NCT05676463,unmapped,UNKNOWN,prostate cancer,PSMA,unknown,0,0.7081,0.2599002,0.7414944,0.402539,0.4050847,0.6863308,0.36494699999999997,0.46229366,TDS,CDS
NCT04862143,alpelisib,PIK3CA,breast cancer,PIK3CA mutation,small_molecule,0,0.7052,0.5452793481339808,0.340472,0.495141,0.6260814499999999,0.7326424,0.49015760074841686,0.5430341097390587,TWS,TDS
NCT04510285,trastuzumab,ERBB2,gastric cancer,PD-L1,antibody,0,0.6932,0.4693835322783325,0.33448400000000006,0.442081,0.6604734500000001,0.6330819999999999,0.5491852310616597,0.5197962311149156,MCS,TDS
NCT04159896,nivolumab,PDCD1,prostate cancer,PD-L1,antibody,0,0.6894,0.33437836837024854,0.30555200000000005,0.4535045,0.6324358,0.7402108,0.24542603304312338,0.45506683363051825,TWS,EMS
NCT04952753,bevacizumab,VEGFA,colorectal cancer,MSI-H/dMMR,antibody,0,0.6863,0.302561670844667,0.383941,0.39864,0.6542362499999999,0.6388132,0.48512347845719667,0.47733723593751287,MCS,CDS
NCT05171166,unmapped,UNKNOWN,hepatocellular carcinoma,,unknown,0,0.6859,0.20361174,0.7336344,0.2625,0.3765124000000001,0.6187096000000001,0.3604548,0.412319648,TDS,CDS
NCT04347226,unmapped,UNKNOWN,solid tumors,,unknown,0,0.684,0.19471992000000002,0.7299504,0.2625,0.3527677,0.5545684,0.35746320000000004,0.395169824,TDS,CDS
NCT04230954,cabozantinib,MET,cancer NOS,PD-L1,small_molecule,0,0.6798,0.51895542,0.32193000000000005,0.47291449999999996,0.6296226,0.6087364000000001,0.7288496565324895,0.5495801874798734,EMS,TDS
NCT03896295,unmapped,UNKNOWN,cancer NOS,,unknown,1,0.6728,0.23078231999999999,0.7150688,0.2625,0.35599495,0.5436160000000001,0.3656502,0.400380704,TDS,CDS
NCT05071183,trametinib,MAP2K1,solid tumors,KRAS,small_molecule,0,0.6707,0.49612530000000005,0.30759400000000003,0.445689,0.6130088,0.6195364000000001,0.2231482090651558,0.46122196135977334,TWS,EMS
NCT05177796,carboplatin,DNA,TNBC,Triple negative,small_molecule,0,0.6676,0.3072729,0.4093676,0.46522199999999997,0.5946182,0.6921796,0.45413699999999996,0.48351415,TWS,CDS
NCT04217317,unmapped,UNKNOWN,lymphoma,CD30,unknown,0,0.6624,0.26529786,0.7236275999999999,0.406466,0.3894496,0.5564104000000001,0.42803399999999997,0.4481301919999999,TDS,CDS
NCT05546411,fluorouracil,TYMS,pancreatic cancer,,small_molecule,0,0.6565,0.29222718000000003,0.7436072,0.2625,0.6457044000000001,0.5909452000000001,0.44574420000000003,0.494005806,TDS,BFS
NCT04491084,unmapped,UNKNOWN,NSCLC,,unknown,0,0.6463,0.1949268,0.7452315999999999,0.2625,0.3553942,0.6031744,0.3656166,0.40654259,TDS,CDS
NCT04824794,unmapped,UNKNOWN,AML,CD20,unknown,0,0.6454,0.28018674,0.7211884000000001,0.4811265,0.3761839,0.661906,0.3467606,0.462921353,TDS,CDS
NCT05356897,trastuzumab,ERBB2,colorectal cancer,MSI-H/dMMR,antibody,0,0.6446,0.5321686764736613,0.3055820000000001,0.40002550000000003,0.66211865,0.672766,0.46757084191006026,0.5157491165812413,TWS,TDS
NCT06054477,pembrolizumab,PDCD1,HNSCC,PD-L1,antibody,0,0.6416,0.3743420935575831,0.25764200000000004,0.465705,0.62162005,0.6679828,0.29805562033736904,0.45260024176212194,TWS,TDS
NCT06501989,fluorouracil,TYMS,colorectal cancer,,small_molecule,0,0.6414,0.29650487999999997,0.6937188,0.2625,0.59408085,0.5440576,0.48848339999999996,0.476431116,TDS,BFS
NCT05011058,unmapped,UNKNOWN,DLBCL,CD20,unknown,0,0.6363,0.21461214,0.7254688,0.46501799999999993,0.33259570000000005,0.6632596,0.38131620000000005,0.444700958,TDS,CDS
NCT03644342,unmapped,UNKNOWN,cancer NOS,,unknown,0,0.632,0.20078244,0.7038679999999999,0.2625,0.35995615,0.6090388,0.38390040000000003,0.406043798,TDS,CDS
NCT03925675,unmapped,UNKNOWN,cancer NOS,,unknown,0,0.6294,0.21512184,0.729246,0.2625,0.3537769,0.5911827999999999,0.40737,0.412324568,TDS,CDS
NCT05653427,unmapped,UNKNOWN,hepatocellular carcinoma,ER negative,unknown,0,0.6246,0.28277208000000004,0.6945684,0.44889300000000004,0.3524270500000001,0.49851160000000005,0.3643194,0.42798368600000003,TDS,CDS
NCT04648189,cetuximab,EGFR,lung cancer NOS,EGFR mutation,antibody,0,0.6231,0.6361972404455581,0.31191,0.564781,0.5989141499999999,0.62416,0.617547339804602,0.5647820290598019,CDS,TDS
NCT04282590,unmapped,UNKNOWN,cancer NOS,,unknown,0,0.6189,0.20989602000000002,0.7239316,0.2625,0.37574635,0.6399112,0.3744114,0.417241604,TDS,CDS
NCT04444141,unmapped,UNKNOWN,lymphoma,PD-L1,unknown,0,0.6176,0.28664093999999996,0.6727792,0.45075299999999996,0.33691705,0.6593907999999999,0.3850692,0.449910428,TDS,CDS
NCT03951077,unmapped,UNKNOWN,cancer NOS,,unknown,1,0.6173,0.2320974,0.6800120000000001,0.2625,0.3905497,0.6831004,0.3585552,0.42215456,TWS,CDS
NCT03514017,pembrolizumab,PDCD1,CLL,,antibody,0,0.6167,0.35366862000000004,0.29243600000000003,0.2625,0.63941185,0.624544,0.23287880404026662,0.41046991460604,MCS,EMS
NCT05653856,unmapped,UNKNOWN,prostate cancer,PSMA,unknown,1,0.6143,0.31476318000000003,0.7469136,0.4472765,0.38282259999999996,0.6383020000000001,0.3879378,0.472581641,TDS,CDS
NCT05952037,zanubrutinib,BTK,cancer NOS,BCL2 overexpression,small_molecule,1,0.6135,0.59550108,0.295474,0.455916,0.64564945,0.5456032,0.4879199640725349,0.5159670806108803,MCS,TDS
NCT04778410,venetoclax,BCL2,cancer NOS,,small_molecule,0,0.6134,0.48933156000000005,0.291988,0.2625,0.5807156,0.6978304000000001,0.7200510683463104,0.5098648522519466,EMS,BFS
NCT04331119,unmapped,UNKNOWN,lymphoma,,unknown,0,0.6059,0.25334178,0.7342884,0.2625,0.37869835,0.6298252000000001,0.37950480000000003,0.42732578600000004,TDS,CDS
NCT04426201,unmapped,UNKNOWN,cancer NOS,,unknown,0,0.6053,0.18468096,0.7397652,0.2625,0.36587035000000007,0.7701292,0.4174338,0.438584492,TWS,CDS
NCT05593094,t-dxd,ERBB2,HER2+ breast cancer,HER2 amplification,adc,1,0.6036,0.5477044688905944,0.33269600000000005,0.452172,0.6522929,0.6475804000000001,0.6986549733636787,0.5596649797826707,EMS,TDS
NCT05967286,alpelisib,PIK3CA,breast cancer,BRCA1/2,small_molecule,0,0.6026,0.5134109481339808,0.30093800000000004,0.431087,0.6372983,0.6601648,0.49889840074841685,0.5138050797390586,TWS,TDS
NCT04629651,unmapped,UNKNOWN,cancer NOS,,unknown,0,0.6002,0.19849572000000004,0.7333035999999999,0.2625,0.34082425,0.6872235999999999,0.38571540000000004,0.41817538399999993,TDS,CDS
NCT06087237,unmapped,UNKNOWN,breast cancer,,unknown,1,0.6,0.21247464000000005,0.7261375999999999,0.2625,0.3501919,0.6257608,0.36135819999999996,0.408896798,TDS,CDS
NCT05109442,atezolizumab,CD274,solid tumors,PD-L1,antibody,0,0.5997,0.35178827999999995,0.288656,0.4050325,0.63448375,0.5943376,0.4149817777869529,0.4527055876680429,MCS,TDS
NCT04452955,unmapped,UNKNOWN,solid tumors,,unknown,1,0.5991,0.21438978000000003,0.7105651999999999,0.2625,0.3721243,0.7052404,0.4219662,0.432343586,TDS,CDS
NCT06017297,durvalumab,CD274,cancer NOS,,antibody,0,0.5987,0.33668286000000003,0.28736000000000006,0.2625,0.66709495,0.6684327999999999,0.6491599129186164,0.4808734689377924,TWS,BFS
NCT05589597,unmapped,UNKNOWN,colorectal cancer,PD-L1,unknown,0,0.5976,0.26997936,0.717496,0.45507,0.34184605,0.6483484,0.3047394,0.44121315200000005,TDS,CDS
NCT03801304,atezolizumab,CD274,NSCLC,PD-L1,antibody,1,0.5974,0.3815280442443874,0.291524,0.47447399999999995,0.6657593499999999,0.6627724,0.5029935656573998,0.4992220736974875,MCS,TDS
NCT04308785,atezolizumab,CD274,SCLC,PD-L1,antibody,0,0.5908,0.38745924,0.27763400000000005,0.3914115,0.63246205,0.6797428,0.27709938277823654,0.4478674104167355,TWS,EMS
NCT06068881,unmapped,UNKNOWN,lymphoma,,unknown,0,0.5904,0.23018766000000002,0.6924092,0.2625,0.39091975,0.6147592000000001,0.3278306,0.40884633200000003,TDS,CDS
NCT04212221,unmapped,UNKNOWN,hepatocellular carcinoma,PD-L1,unknown,0,0.5878,0.21892566,0.70242,0.4262105,0.33433284999999996,0.6020116,0.39265500000000003,0.42914626699999997,TDS,CDS
NCT05565794,unmapped,UNKNOWN,cholangiocarcinoma,FGFR alteration,unknown,0,0.5866,0.26148978,0.7033191999999999,0.4544865,0.35231635,0.6155464,0.3496742,0.441215171,TDS,CDS
NCT04576455,fulvestrant,ESR1,breast cancer,ER positive,small_molecule,1,0.5865,0.5260432586324604,0.30783200000000005,0.3542585,0.62340215,0.6191632,0.5254887642969984,0.5009004513710418,MCS,TDS
NCT06881823,unmapped,UNKNOWN,prostate cancer,PSMA,unknown,0,0.5849,0.27774954,0.6832447999999999,0.489992,0.3459559,0.6362175999999999,0.3173244,0.44375790800000003,TDS,CDS
NCT06227897,unmapped,UNKNOWN,lung cancer NOS,,unknown,0,0.5801,0.23247522000000004,0.6800536,0.2625,0.37072120000000003,0.521452,0.355995,0.39363937400000004,TDS,CDS
NCT04329325,dasatinib,ABL1,cancer NOS,,small_molecule,1,0.58,0.55540032,0.26864,0.2625,0.6528719,0.6263008,0.5549022584726728,0.4985059027709009,MCS,BFS
NCT04126525,unmapped,UNKNOWN,breast cancer,HER2 amplification,unknown,1,0.578,0.24240450000000002,0.7096119999999999,0.427072,0.34852255000000004,0.7368172,0.390496,0.45778498999999995,TWS,CDS
NCT04337931,unmapped,UNKNOWN,melanoma,PD-L1,unknown,0,0.5767,0.27397247999999996,0.7280176,0.4476405,0.36087834999999996,0.5875024,0.3828958,0.448878611,TDS,CDS
NCT06006286,atezolizumab,CD274,hepatocellular carcinoma,PD-L1,antibody,0,0.5705,0.30623765523417656,0.25406000000000006,0.45559499999999997,0.62052355,0.6719476,0.35386364032480044,0.44567217709555534,TWS,TDS
NCT05908786,atezolizumab,CD274,hepatocellular carcinoma,PD-L1,antibody,1,0.5683,0.34272845523417655,0.28073000000000004,0.4624595,0.61486765,0.6880216000000001,0.3467104403248005,0.4582074520955554,TWS,TDS
NCT03795272,rucaparib,PARP1,cancer NOS,,small_molecule,0,0.5638,0.53241324,0.303462,0.2625,0.6382031499999999,0.6310816000000001,0.5122099164179105,0.49051130546268656,MCS,BFS
NCT04463771,unmapped,UNKNOWN,endometrial cancer,PD-L1,unknown,1,0.5634,0.20403708,0.7227372000000001,0.44576899999999997,0.34944325000000004,0.6037779999999999,0.3735108,0.432565316,TDS,CDS
NCT04536922,cyclophosphamide,DNA,cancer NOS,PD-L1,small_molecule,0,0.5619,0.2988936,0.3984332,0.401893,0.5569716499999999,0.67906,0.4433856,0.45958881999999995,TWS,CDS
NCT04611776,atezolizumab,CD274,NSCLC,PD-L1,antibody,0,0.5615,0.3330528442443874,0.271508,0.4315385,0.65089435,0.752464,0.5047575656573998,0.4908296486974875,TWS,TDS
NCT03620903,ibrutinib,BTK,cancer NOS,CD19,small_molecule,1,0.5602,0.55161444,0.27478600000000003,0.471527,0.6239168500000001,0.6595876,0.4894877640725349,0.5194145126108802,TWS,TDS
NCT04362007,unmapped,UNKNOWN,lymphoma,,unknown,0,0.5589,0.26787378,0.6892452,0.2625,0.37975015,0.6591448,0.35525280000000004,0.424446206,TDS,BFS
NCT04157088,enzalutamide,AR,cancer NOS,,small_molecule,0,0.5589,0.4883851800000001,0.289254,0.2625,0.62998745,0.6116176,0.7095216872492289,0.5046085190873844,EMS,BFS
NCT04029038,cyclophosphamide,DNA,CLL,CD19,small_molecule,0,0.5489,0.26369423999999997,0.44351799999999997,0.4426035,0.57432065,0.6893415999999999,0.4437168,0.470479963,TWS,CDS
NCT03610724,unmapped,UNKNOWN,lymphoma,CD19,unknown,1,0.5479,0.28075458,0.7557003999999999,0.4397715,0.38142610000000005,0.6625024,0.38537699999999997,0.468938831,TDS,CDS
NCT07084909,unmapped,UNKNOWN,renal cell carcinoma,PSMA,unknown,0,0.5472,0.23493438,0.6629244,0.412482,0.35475415000000005,0.6920848,0.37509079999999995,0.439325006,TWS,CDS
NCT05685550,unmapped,UNKNOWN,cancer NOS,PD-L1,unknown,1,0.5464,0.22347222000000003,0.7365872,0.4067835,0.3413578,0.6159388,0.4008726,0.436993319,TDS,CDS
NCT03668392,unmapped,UNKNOWN,cancer NOS,,unknown,0,0.5451,0.2243223,0.7610696000000001,0.2625,0.36705025,0.7123564,0.37272,0.43457141000000005,TDS,CDS
NCT03868423,brigatinib,ALK,cancer NOS,,small_molecule,0,0.5315,0.5893765200000001,0.30845,0.2625,0.6685846999999999,0.6761056,0.6403789962783045,0.5347074334417456,TWS,BFS
NCT04980222,doxorubicin,TOP2A,lymphoma,BCL2 overexpression,small_molecule,1,0.5295,0.32618136000000003,0.6495428,0.4627985,0.5645334,0.5286328,0.38074879999999994,0.48140138699999996,TDS,CDS
NCT04294277,unmapped,UNKNOWN,bladder cancer,FGFR alteration,unknown,1,0.5294,0.30799266000000003,0.7090712,0.446368,0.35092165000000003,0.639688,0.34595580000000004,0.45294531200000004,TDS,CDS
NCT04272645,abemaciclib,CDK4,prostate cancer,PD-L1,small_molecule,0,0.5294,0.4277836813115144,0.32925400000000005,0.464303,0.6021689,0.6640528000000001,0.33065982916358255,0.4742309606368403,TWS,TDS
NCT07511972,pembrolizumab,PDCD1,cancer NOS,,antibody,0,0.529,0.30250962,0.28283600000000003,0.2625,0.6294119499999999,0.657856,0.6021043300639369,0.4571787635095905,TWS,BFS
NCT06391775,pembrolizumab,PDCD1,solid tumors,PD-L1,antibody,1,0.5243,0.37947329999999996,0.28496600000000005,0.405194,0.6353111499999999,0.623536,0.3971963600462522,0.45959074400693783,MCS,TDS
NCT04648826,unmapped,UNKNOWN,melanoma,PD-L1,unknown,0,0.5198,0.27851634000000003,0.7283808,0.43747400000000003,0.37251415000000004,0.6152632,0.4031952,0.45785307799999997,TDS,CDS
NCT05298696,unmapped,UNKNOWN,breast cancer,,unknown,1,0.5198,0.24192702,0.7358868,0.2625,0.3855484,0.5904280000000001,0.3888384000000001,0.422143064,TDS,CDS
NCT05255484,unmapped,UNKNOWN,solid tumors,,unknown,0,0.5189,0.17960856,0.7032503999999999,0.2625,0.34098880000000004,0.767506,0.36845700000000003,0.41937648200000005,TWS,CDS
NCT03712930,unmapped,UNKNOWN,prostate cancer,BRCA1/2,unknown,0,0.5189,0.24952494000000003,0.6590136,0.450112,0.3294538,0.662722,0.3970614,0.441132098,TWS,CDS
NCT04425655,unmapped,UNKNOWN,AML,ER negative,unknown,0,0.5177,0.23468436000000004,0.7548708,0.41730100000000003,0.36112285,0.6314956,0.3373538,0.440314622,TDS,CDS
NCT05743270,nivolumab,PDCD1,HNSCC,PD-L1,antibody,0,0.5133,0.33881849355758314,0.25175600000000004,0.449525,0.5954275,0.5499772,0.2827772203373691,0.416954511762122,MCS,TDS
NCT04139057,unmapped,UNKNOWN,HNSCC,,unknown,1,0.5127,0.20277660000000003,0.6960936,0.2625,0.36714535,0.7437147999999999,0.3716502,0.42507817999999997,TWS,CDS
NCT04013880,unmapped,UNKNOWN,AML,IDH1 mutation,unknown,0,0.5124,0.21959220000000002,0.7104116,0.4020855,0.3648751,0.6531747999999999,0.2887602,0.425058275,TDS,CDS
NCT00960544,capecitabine,TYMS,breast cancer,,small_molecule,0,0.5117,0.30973308,0.708742,0.2625,0.6243085500000001,0.6371308,0.3945512,0.487246926,TDS,BFS
NCT03533946,rucaparib,PARP1,prostate cancer,BRCA1/2,small_molecule,0,0.508,0.51012762,0.302022,0.4992995,0.63286555,0.5415652,0.3171100597014926,0.47759814795522393,MCS,TDS
NCT04407442,unmapped,UNKNOWN,multiple myeloma,ER negative,unknown,0,0.5015,0.24050316,0.720866,0.4188835,0.32423755,0.6205456,0.3791194,0.43386031700000005,TDS,CDS
NCT03649464,unmapped,UNKNOWN,glioblastoma,ER negative,unknown,0,0.5013,0.20160762000000002,0.704254,0.424516,0.34285344999999995,0.6561064000000001,0.395433,0.435938624,TDS,CDS
NCT05456165,atezolizumab,CD274,colorectal cancer,PD-L1,antibody,0,0.4977,0.3560032834529789,0.28101200000000004,0.402261,0.6545402499999999,0.6829372,0.3954372396825397,0.4663558226429767,TWS,TDS
NCT05572476,durvalumab,CD274,SCLC,,antibody,0,0.4942,0.35890266000000004,0.29297000000000006,0.2625,0.6566050000000001,0.643726,0.28380618277823655,0.4255518594167355,MCS,BFS
NCT05027867,unmapped,UNKNOWN,SCLC,PD-L1,unknown,0,0.4936,0.30170058,0.6862636,0.44783799999999996,0.37256544999999996,0.6041392,0.35738820000000004,0.449197556,TDS,CDS
NCT04276597,unmapped,UNKNOWN,glioma,,unknown,0,0.4931,0.20533266,0.7224408,0.2625,0.33634405,0.5782684,0.35789820000000006,0.39650145200000003,TDS,CDS
NCT03740100,unmapped,UNKNOWN,cancer NOS,,unknown,0,0.4884,0.24469122000000001,0.6765439999999999,0.2625,0.3556238500000001,0.667516,0.42977160000000003,0.425512754,TDS,CDS
NCT05561751,unmapped,UNKNOWN,multiple myeloma,,unknown,1,0.4857,0.2372166,0.6973764,0.2625,0.37386415,0.7002615999999999,0.3679152,0.42642412999999996,TWS,CDS
NCT04313504,niraparib,PARP1,HNSCC,,small_molecule,1,0.4832,0.5344777800000001,0.290208,0.2625,0.6354371500000001,0.6327904,0.21578638208955225,0.44417570331343287,MCS,EMS
NCT05282901,pembrolizumab,PDCD1,melanoma,PD-L1,antibody,1,0.4806,0.34653568477623564,0.260072,0.448437,0.62640955,0.71458,0.4603886027071147,0.4771106873613143,TWS,TDS
NCT07122063,unmapped,UNKNOWN,solid tumors,HER2 amplification,unknown,1,0.4774,0.24155034000000003,0.6973995999999999,0.369295,0.3480733,0.6316204000000001,0.4215594,0.43590588799999996,TDS,CDS
NCT04155190,unmapped,UNKNOWN,cancer NOS,,unknown,0,0.4759,0.22975764,0.7262324,0.2625,0.3610975,0.7041652,0.3304838,0.421678238,TDS,CDS
NCT05227131,tucatinib,ERBB2,HER2+ breast cancer,HER2 amplification,small_molecule,0,0.4732,0.5503252688905944,0.28979600000000005,0.41834000000000005,0.6477072500000001,0.5951932,0.6960053733636786,0.5395066897826707,EMS,TDS
NCT04440982,unmapped,UNKNOWN,breast cancer,,unknown,0,0.4727,0.24789204000000004,0.7392332,0.2625,0.37111615000000003,0.6416704,0.4059228,0.431200598,TDS,CDS
NCT03993379,ipilimumab,CTLA4,melanoma,PD-L1,antibody,0,0.4713,0.27655090974482416,0.32120200000000004,0.450939,0.6196074,0.5821372,0.5109247534613147,0.4590121049681621,MCS,CDS
NCT04231981,unmapped,UNKNOWN,cancer NOS,PD-L1,unknown,1,0.4673,0.22593342,0.7322848,0.40518000000000004,0.32797435,0.7474648,0.3731595999999999,0.44949493399999996,TWS,CDS
NCT05815186,sotorasib,KRAS,NSCLC,ER negative,small_molecule,0,0.4658,0.580024203672598,0.31670400000000004,0.432645,0.6000613,0.6629176000000001,0.6073238290168672,0.5389556650870497,TWS,TDS
NCT04525391,durvalumab,CD274,cancer NOS,PD-L1,antibody,0,0.4652,0.37190406,0.306344,0.5262450000000001,0.613348,0.6061936,0.6352441129186164,0.5081544189377925,EMS,TDS
NCT04410874,unmapped,UNKNOWN,melanoma,,unknown,0,0.4643,0.26364312,0.696778,0.2625,0.39256405,0.7887196000000001,0.3320144,0.443243234,TWS,BFS
NCT03937791,unmapped,UNKNOWN,cancer NOS,,unknown,0,0.458,0.2188575,0.712206,0.2625,0.373093,0.7288,0.4254156,0.43772834000000005,TWS,CDS
NCT06268574,unmapped,UNKNOWN,AML,,unknown,1,0.4556,0.26270844000000004,0.7498884,0.2625,0.37357270000000004,0.7749748000000001,0.3743058,0.451506578,TWS,BFS
NCT04460729,unmapped,UNKNOWN,NSCLC,ALK fusion,unknown,0,0.4552,0.25551516,0.7134271999999999,0.42181399999999997,0.3423919,0.6292072000000001,0.42606840000000007,0.448158932,TDS,CDS
NCT04189445,unmapped,UNKNOWN,gastric cancer,FGFR alteration,unknown,0,0.4503,0.27066402,0.7281587999999999,0.4144185,0.35896315,0.6446152,0.36948480000000006,0.4494270290000001,TDS,CDS
NCT05120622,tremelimumab,CTLA4,bladder cancer,PD-L1,antibody,0,0.4472,0.30541806,0.28591000000000005,0.3902945,0.6295452,0.7698688,0.31647378150087263,0.4513747142251309,TWS,TDS
NCT05994001,unmapped,UNKNOWN,cancer NOS,PD-L1,unknown,1,0.4464,0.24591443999999998,0.7357448,0.45553049999999995,0.33935815,0.6870232000000001,0.37746359999999995,0.455418833,TDS,CDS
NCT04560127,unmapped,UNKNOWN,thyroid cancer,PD-L1,unknown,1,0.4431,0.28556832000000004,0.700078,0.4394365,0.36427915,0.6475036000000001,0.353775,0.451088459,TDS,CDS
NCT05445882,unmapped,UNKNOWN,prostate cancer,ER negative,unknown,0,0.4425,0.23644355999999994,0.7385412,0.44444,0.33192309999999997,0.6592576,0.367848,0.44518635199999995,TDS,CDS
NCT03642990,unmapped,UNKNOWN,breast cancer,,unknown,0,0.4398,0.25290126,0.7040692000000001,0.2625,0.36057279999999997,0.6723460000000001,0.38783999999999996,0.426708092,TDS,CDS
NCT05041101,unmapped,UNKNOWN,cancer NOS,HER2 amplification,unknown,0,0.4394,0.27587406,0.6958447999999999,0.43579749999999995,0.3946927,0.6746536,0.3555468,0.45838975699999995,TDS,CDS
NCT05355597,unmapped,UNKNOWN,cancer NOS,,unknown,1,0.4356,0.23233698,0.6763608000000001,0.2625,0.35261545,0.5970016,0.41405519999999996,0.409478126,TDS,CDS
NCT06521775,unmapped,UNKNOWN,cancer NOS,PSMA,unknown,1,0.4343,0.27176303999999996,0.733528,0.41785550000000005,0.38810829999999996,0.6258256000000001,0.4178496,0.46123307299999994,TDS,CDS
NCT04077723,obinutuzumab,MS4A1,lymphoma,CD19,antibody,1,0.4338,0.36610572321402995,0.38202900000000006,0.4586905,0.6132782499999999,0.6313084,0.423089162962963,0.4801443540872504,TWS,CDS
NCT04655183,niraparib,PARP1,breast cancer,BRCA1/2,small_molecule,0,0.4304,0.4237324822217997,0.33504,0.4250045,0.6347806,0.7123468000000001,0.42645249253731343,0.49652918532495693,TWS,TDS
NCT04404361,unmapped,UNKNOWN,cancer NOS,,unknown,0,0.4245,0.24313458,0.7012731999999999,0.2625,0.33498325,0.7903744,0.36396120000000004,0.433339886,TWS,CDS
NCT04243122,unmapped,UNKNOWN,cancer NOS,,unknown,1,0.4224,0.24699216000000002,0.7093392,0.2625,0.35449270000000005,0.5336188000000001,0.3838614,0.403694882,TDS,CDS
NCT04469699,unmapped,UNKNOWN,glioblastoma,,unknown,0,0.4207,0.26183268000000004,0.7410080000000001,0.2625,0.36855114999999994,0.6880959999999999,0.4336746,0.44486855599999997,TDS,CDS
NCT04577963,unmapped,UNKNOWN,TNBC,PD-L1,unknown,0,0.4205,0.31601736,0.6805283999999999,0.4694195,0.38022190000000006,0.7319127999999999,0.35533020000000004,0.47482648699999996,TWS,CDS
NCT05496231,unmapped,UNKNOWN,cancer NOS,,unknown,1,0.4185,0.25335516,0.7619923999999999,0.2625,0.36536935,0.6784084,0.34409360000000005,0.43079406200000003,TDS,CDS
NCT06257758,unmapped,UNKNOWN,breast cancer,BRCA1/2,unknown,0,0.4144,0.26716578,0.7088184,0.393187,0.3497053,0.686284,0.4030458,0.452074496,TDS,CDS
NCT04633278,pembrolizumab,PDCD1,HNSCC,PD-L1,antibody,0,0.4127,0.2982188935575831,0.250208,0.3979555,0.5914643500000001,0.6886828,0.29395522033736904,0.42255687676212195,TWS,TDS
NCT05467670,pembrolizumab,PDCD1,ovarian cancer,PD-L1,antibody,1,0.4112,0.36507372000000005,0.26192000000000004,0.3890205,0.6401458,0.6323247999999999,0.2688318526322949,0.43385847689484425,MCS,TDS
NCT04786093,durvalumab,CD274,NSCLC,PD-L1,antibody,0,0.4104,0.3903132442443874,0.27723200000000003,0.4228455,0.6415542999999999,0.5956000000000001,0.49374696565739984,0.47478717869748743,MCS,TDS
NCT03649841,abiraterone,CYP17A1,prostate cancer,,small_molecule,0,0.4098,0.31389709226477924,0.33073400000000003,0.2625,0.6277703,0.6011008000000001,0.4251364258064516,0.43125416232392355,MCS,BFS
NCT06016270,paclitaxel,TUBB,SCLC,,small_molecule,0,0.4096,0.29089686000000003,0.614312,0.2625,0.5922531999999999,0.6301192,0.476436,0.474135092,TWS,BFS
NCT05351021,unmapped,UNKNOWN,breast cancer,,unknown,1,0.4075,0.26957724,0.7081264,0.2625,0.37217800000000006,0.6708448,0.40035180000000004,0.434624498,TDS,BFS
NCT03617484,bortezomib,PSMB5,lymphoma,,small_molecule,0,0.4055,0.39241518000000003,0.2935,0.2625,0.60383915,0.5702476000000001,0.3546218461538462,0.4213812829230769,MCS,BFS
NCT05189197,zanubrutinib,BTK,DLBCL,BCL2 overexpression,small_molecule,1,0.4013,0.47976262003618,0.282706,0.4065845,0.6466615,0.6353872,0.33104037109935774,0.4736425346721397,MCS,TDS
NCT04205240,cyclophosphamide,DNA,multiple myeloma,,small_molecule,0,0.4007,0.27245658,0.4261548,0.2625,0.5828459,0.5912607999999999,0.46948200000000007,0.433470136,TWS,BFS
NCT03810105,olaparib,PARP1,prostate cancer,BRCA1/2,small_molecule,0,0.4005,0.49801146,0.287142,0.46700949999999997,0.6327323499999999,0.5478712,0.3030052597014926,0.4669029559552239,MCS,TDS
NCT04671303,unmapped,UNKNOWN,lung cancer NOS,,unknown,1,0.4004,0.21941238000000002,0.6851584,0.2625,0.34996675,0.6091936,0.36468480000000003,0.40210634599999995,TDS,CDS
NCT03677141,cyclophosphamide,DNA,lymphoma,CD20,small_molecule,1,0.3994,0.28117391999999997,0.47634560000000004,0.431056,0.58439975,0.596488,0.4479282,0.46588740399999995,TWS,CDS
NCT05204160,pembrolizumab,PDCD1,multiple myeloma,,antibody,0,0.396,0.26745428380197644,0.279332,0.2625,0.61064515,0.609364,0.23161272788736226,0.3830411959434996,MCS,EMS
NCT05845814,pembrolizumab,PDCD1,bladder cancer,PD-L1,antibody,1,0.395,0.34946478,0.26336000000000004,0.437172,0.6155339499999999,0.6511684,0.28094498094136855,0.43789655314120524,TWS,TDS
NCT05153304,nivolumab,PDCD1,cancer NOS,PD-L1,antibody,0,0.3949,0.36040422,0.27714200000000005,0.405316,0.6322152999999999,0.7276563999999999,0.6005401300639369,0.5001220835095905,TWS,TDS
NCT04512430,atezolizumab,CD274,NSCLC,EGFR mutation,antibody,0,0.3944,0.38976484424438734,0.26890400000000003,0.475701,0.6639747999999999,0.7269832,0.5041707656573998,0.5071117736974874,TWS,TDS
NCT04954001,unmapped,UNKNOWN,cancer NOS,,unknown,1,0.3939,0.18623382,0.6916043999999999,0.2625,0.30756985,0.6248656,0.42293040000000004,0.39904579399999995,TDS,CDS
NCT04154189,lenvatinib,VEGFR2,sarcoma,,small_molecule,1,0.3901,0.32305913999999997,0.282524,0.2625,0.6118818,0.562912,0.2452407266251842,0.38996469699377767,MCS,EMS
NCT04398368,gemcitabine,RRM1,cancer NOS,,small_molecule,0,0.3893,0.32260596,0.6873771999999999,0.2625,0.57545515,0.6763492,0.4366648,0.48904590200000003,TDS,BFS
NCT03817398,unmapped,UNKNOWN,cancer NOS,,unknown,1,0.3893,0.26736564,0.722598,0.2625,0.35221600000000003,0.6204292,0.4297614,0.429209618,TDS,BFS
NCT05628545,unmapped,UNKNOWN,hepatocellular carcinoma,,unknown,0,0.384,0.25764714,0.6805271999999999,0.2625,0.3957286,0.6073072,0.42481440000000004,0.42694746799999994,TDS,CDS
NCT03886493,unmapped,UNKNOWN,prostate cancer,,unknown,0,0.3831,0.19163706000000003,0.7449612000000001,0.2625,0.3194773,0.6892204000000001,0.35538600000000004,0.4100330120000001,TDS,CDS
NCT05120271,unmapped,UNKNOWN,hepatocellular carcinoma,,unknown,1,0.3826,0.20442180000000001,0.7768704000000001,0.2625,0.31751635,0.6530584,0.4370088,0.42380326999999995,TDS,CDS
NCT03572634,unmapped,UNKNOWN,CLL,,unknown,0,0.3803,0.18814818000000003,0.7062048,0.2625,0.34099690000000005,0.6472072,0.37282879999999996,0.404140136,TDS,CDS
NCT05116683,unmapped,UNKNOWN,sarcoma,,unknown,0,0.3745,0.21457632000000001,0.7536696,0.2625,0.37840690000000005,0.6715948,0.3979344,0.43145146400000006,TDS,CDS
NCT03926143,unmapped,UNKNOWN,solid tumors,ER negative,unknown,0,0.3742,0.23987964,0.6981048,0.463322,0.35920464999999996,0.7504336,0.403149,0.46706826800000006,TWS,CDS
NCT05498220,rituximab,MS4A1,DLBCL,,antibody,0,0.3727,0.3039383113609945,0.367275,0.2625,0.60225685,0.586546,0.3112530592592593,0.4103751411610878,MCS,BFS
NCT05220722,pembrolizumab,PDCD1,hepatocellular carcinoma,FGFR alteration,antibody,0,0.3651,0.29892991859617185,0.2654,0.43661099999999997,0.60721615,0.680326,0.3320333606992246,0.43838476782411806,TWS,TDS
NCT04758507,unmapped,UNKNOWN,renal cell carcinoma,,unknown,1,0.3641,0.24705509999999997,0.7303816000000001,0.2625,0.35666605,0.6816868,0.39903479999999997,0.43178471000000007,TDS,CDS
NCT05116800,gemcitabine,RRM1,sarcoma,,small_molecule,0,0.3628,0.28322838,0.6868764,0.2625,0.6056344,0.6824848000000001,0.47200499999999995,0.49335248600000003,TDS,BFS
NCT03932318,venetoclax,BCL2,AML,,small_molecule,0,0.3614,0.43301133729946234,0.34258000000000005,0.2625,0.6335513,0.7539796000000001,0.4459663261294339,0.4840664163793076,TWS,BFS
NCT05011019,unmapped,UNKNOWN,cancer NOS,,unknown,1,0.3608,0.24898074000000003,0.7022068,0.2625,0.36311785,0.7138444,0.3757098,0.430558868,TWS,CDS
NCT04251065,unmapped,UNKNOWN,lymphoma,CD38,unknown,0,0.3595,0.24753498000000002,0.712762,0.469929,0.37039195,0.6022468000000001,0.4260888,0.455239376,TDS,CDS
NCT05972720,cyclophosphamide,DNA,lymphoma,CD19,small_molecule,0,0.3577,0.30170615999999995,0.4782288,0.479735,0.5452103,0.6043684,0.41679779999999994,0.46625279199999997,TWS,CDS
NCT04351230,abemaciclib,CDK4,breast cancer,HER2 amplification,small_molecule,0,0.3574,0.48917295645187026,0.26387800000000006,0.44789049999999997,0.6337224499999999,0.5726104000000001,0.524999512657291,0.49598584318896766,MCS,TDS
NCT06865352,unmapped,UNKNOWN,AML,,unknown,1,0.3532,0.23118894,0.7031107999999999,0.2625,0.34498315000000007,0.7315647999999999,0.42441900000000005,0.43347360799999995,TWS,CDS
NCT05561491,unmapped,UNKNOWN,melanoma,,unknown,0,0.3479,0.17829618000000003,0.7274764,0.2625,0.3264346,0.7175764,0.40174020000000005,0.417340106,TDS,CDS
NCT03719560,methotrexate,DHFR,lymphoma,,small_molecule,0,0.3368,0.2958,0.6966492,0.2625,0.5964835,0.7008987999999999,0.409161,0.48883805,TWS,BFS
NCT04013854,nivolumab,PDCD1,melanoma,PD-L1,antibody,1,0.3354,0.31493848477623565,0.286328,0.4782915,0.6520370500000001,0.6533464,0.46087820270711466,0.4752217223613143,TWS,TDS
NCT05305040,unmapped,UNKNOWN,cancer NOS,,unknown,0,0.3326,0.23077206,0.7027395999999999,0.2625,0.3609799,0.7350892,0.3719892,0.429198092,TWS,CDS
NCT06359041,unmapped,UNKNOWN,cancer NOS,,unknown,1,0.328,0.24740520000000002,0.7218663999999999,0.2625,0.35934325000000006,0.6300616000000001,0.42063360000000005,0.42660893,TDS,CDS
NCT04713046,unmapped,UNKNOWN,cancer NOS,PD-L1,unknown,1,0.3271,0.22757292,0.7424664,0.40506200000000003,0.37426105,0.5991736000000001,0.3805962,0.439461524,TDS,CDS
NCT06425302,rituximab,MS4A1,lymphoma,,antibody,1,0.3268,0.29080212321403,0.404139,0.2625,0.6414016,0.672712,0.421454762962963,0.4505616090872504,TWS,BFS
NCT04944173,durvalumab,CD274,NSCLC,PD-L1,antibody,0,0.3254,0.39114484424438734,0.29516600000000004,0.4788095,0.6510079,0.7007368,0.5044893656573998,0.5053107986974874,TWS,TDS
NCT04827953,gemcitabine,RRM1,pancreatic cancer,,small_molecule,1,0.3205,0.26429238,0.7140968000000001,0.2625,0.5744484999999999,0.6616228000000001,0.4579956,0.482180456,TDS,BFS
NCT05317936,venetoclax,BCL2,CLL,,small_molecule,0,0.3204,0.47770051054187346,0.2967580000000001,0.2625,0.61083815,0.6537736000000001,0.44996636821759406,0.46715742734101384,TWS,BFS
NCT06206278,unmapped,UNKNOWN,gastric cancer,,unknown,0,0.319,0.21958602000000002,0.7077352,0.2625,0.3571849,0.6948328,0.3174894,0.412737794,TDS,CDS
NCT04966676,nivolumab,PDCD1,NSCLC,PD-L1,antibody,0,0.318,0.3261667169143174,0.28832,0.44940899999999995,0.60447745,0.6209596,0.4456433058495443,0.4567786192602951,TWS,TDS
NCT03787303,unmapped,UNKNOWN,breast cancer,,unknown,0,0.3175,0.1775331,0.7549044,0.2625,0.33780984999999997,0.6542572,0.3747278,0.410027,TDS,CDS
NCT03992339,unmapped,UNKNOWN,DLBCL,,unknown,1,0.3115,0.21335184000000001,0.7387396,0.2625,0.3766715500000001,0.5750656,0.3813666,0.411655448,TDS,CDS
NCT04556617,olaparib,PARP1,prostate cancer,,small_molecule,0,0.3092,0.52505244,0.315798,0.2625,0.6210379,0.7051480000000001,0.3095392597014926,0.4681658569552239,TWS,BFS
NCT04916002,unmapped,UNKNOWN,NSCLC,,unknown,0,0.304,0.1982352,0.6875956,0.2625,0.3280711,0.6607108,0.386331,0.40483187,TDS,CDS
NCT04905407,venetoclax,BCL2,AML,,small_molecule,0,0.3036,0.4254897372994623,0.3022,0.2625,0.6491552,0.5680072,0.4505419261294339,0.4524163563793075,MCS,BFS
NCT05195762,unmapped,UNKNOWN,cancer NOS,,unknown,0,0.3035,0.22846044000000004,0.7505924,0.2625,0.3211849,0.5287288,0.3818214,0.39847545799999995,TDS,CDS
NCT05085002,letrozole,CYP19A1,breast cancer,PR positive,small_molecule,0,0.2991,0.41425790789896644,0.301111,0.466672,0.6311673499999999,0.66298,0.40884966398713835,0.485026951177864,TWS,TDS
NCT03881735,unmapped,UNKNOWN,AML,IDH2 mutation,unknown,0,0.2991,0.22341047999999997,0.7371948,0.4664545,0.33044605,0.5988784,0.3429358,0.432590831,TDS,CDS
NCT02958852,letrozole,CYP19A1,breast cancer,,small_molecule,1,0.2989,0.3381887078989665,0.29448700000000005,0.2625,0.6266828,0.6650128000000001,0.41048226398713833,0.43784661117786405,TWS,BFS
NCT05775900,cetuximab,EGFR,colorectal cancer,,antibody,1,0.2973,0.44659163796605117,0.32697,0.2625,0.6461154,0.597904,0.5442525792762072,0.4782853944846413,MCS,BFS
NCT02856503,unmapped,UNKNOWN,breast cancer,,unknown,0,0.2944,0.23904618,0.7233732,0.2625,0.36358209999999996,0.6439444,0.33006,0.414507296,TDS,CDS
NCT04802031,unmapped,UNKNOWN,multiple myeloma,,unknown,0,0.2937,0.21546102,0.7159224000000001,0.2625,0.33271825000000005,0.6866068,0.3480866,0.411603224,TDS,CDS
NCT03832673,pembrolizumab,PDCD1,bladder cancer,PD-L1,antibody,0,0.2877,0.38264129999999996,0.27459200000000006,0.4742155,0.6276613,0.6581236,0.2776815809413685,0.45475242214120526,TWS,TDS
NCT04489173,unmapped,UNKNOWN,breast cancer,HER2 amplification,unknown,1,0.2856,0.18583007999999998,0.7228652000000001,0.3970675,0.32867320000000005,0.6659512000000001,0.3152898,0.418076711,TDS,CDS
NCT05309629,carboplatin,DNA,lung cancer NOS,,small_molecule,1,0.2838,0.24152586,0.4697232,0.2625,0.6043341500000001,0.6285604,0.471003,0.4439399920000001,TWS,CDS
NCT05044897,unmapped,UNKNOWN,HNSCC,,unknown,1,0.2813,0.23915556000000004,0.746956,0.2625,0.3608191,0.6285568,0.42933119999999997,0.430096532,TDS,CDS
NCT04019288,durvalumab,CD274,ovarian cancer,,antibody,0,0.2809,0.27566482566467465,0.286328,0.2625,0.6254242,0.5693884,0.3222224474080191,0.39628363224413776,MCS,BFS
NCT03856099,unmapped,UNKNOWN,glioblastoma,IDH1 mutation,unknown,0,0.2805,0.2253888,0.7297343999999999,0.3771605,0.3242416,0.7441516,0.39108180000000003,0.446245325,TWS,CDS
NCT04453384,unmapped,UNKNOWN,cancer NOS,,unknown,1,0.279,0.21399456,0.7609732,0.2625,0.34801180000000004,0.7534803999999999,0.365106,0.433710212,TDS,CDS
NCT05705466,pembrolizumab,PDCD1,NSCLC,TP53 mutation,antibody,0,0.2771,0.30312791691431745,0.255494,0.4667155,0.61638175,0.7412416,0.4315511058495443,0.4681522642602951,TWS,TDS
NCT05858177,temozolomide,DNA,glioma,,small_molecule,1,0.2769,0.30330432,0.48076720000000006,0.2625,0.60818765,0.6242716,0.47868179999999994,0.459231484,TWS,BFS
NCT06967987,unmapped,UNKNOWN,gastric cancer,FGFR alteration,unknown,0,0.2751,0.2701659,0.721474,0.4277815,0.33488695,0.767302,0.3348822,0.458726525,TWS,CDS
NCT04025567,unmapped,UNKNOWN,hepatocellular carcinoma,,unknown,0,0.2734,0.23084322000000002,0.7696448,0.2625,0.36123295000000005,0.6048784,0.4260732,0.42787969400000003,TDS,CDS
NCT04828486,pembrolizumab,PDCD1,hepatocellular carcinoma,,antibody,1,0.2733,0.24874711859617188,0.26442200000000005,0.2625,0.61081735,0.6271744,0.3349853606992246,0.3952751578241181,TWS,CDS
NCT04495894,unmapped,UNKNOWN,NSCLC,,unknown,0,0.2686,0.25864770000000004,0.7099808,0.2625,0.37223845,0.7504144,0.4045908,0.4453001299999999,TWS,CDS
NCT04021082,unmapped,UNKNOWN,lymphoma,,unknown,0,0.2674,0.25335132000000005,0.6833304,0.2625,0.36129775,0.6413055999999999,0.4168074,0.423521324,TDS,CDS
NCT04700072,pembrolizumab,PDCD1,melanoma,ER negative,antibody,1,0.266,0.33277528477623564,0.27941000000000005,0.4505975,0.60805495,0.6022264,0.45026000270711464,0.45554013236131435,MCS,TDS
NCT05428969,venetoclax,BCL2,AML,,small_molecule,1,0.2584,0.43371693729946226,0.28301200000000004,0.2625,0.6521867,0.5829184000000001,0.4501297261294339,0.45396474637930756,MCS,BFS
NCT05573555,ribociclib,CDK4,breast cancer,ER positive,small_molecule,1,0.2514,0.41989455645187024,0.31996,0.39370950000000005,0.59080535,0.6439972,0.522085312657291,0.48410278318896777,TWS,TDS
NCT05683834,unmapped,UNKNOWN,cancer NOS,,unknown,0,0.2496,0.18578070000000002,0.7174815999999999,0.2625,0.37068940000000006,0.6130408,0.383913,0.40783433,TDS,CDS
NCT05687617,unmapped,UNKNOWN,gastric cancer,,unknown,0,0.2424,0.22213458,0.7231176,0.2625,0.3983407,0.7124332,0.4004022,0.438863006,TDS,CDS
NCT04817761,unmapped,UNKNOWN,cancer NOS,,unknown,0,0.2409,0.17726538000000003,0.7129268,0.2625,0.32699545,0.7219276,0.3868014000000001,0.41347553600000003,TWS,CDS
NCT04629508,unmapped,UNKNOWN,cancer NOS,ER negative,unknown,1,0.2402,0.23993484,0.7130063999999999,0.478009,0.35766415,0.7166379999999999,0.3767695999999999,0.46218324799999994,TWS,CDS
NCT03761056,cyclophosphamide,DNA,lymphoma,CD19,small_molecule,1,0.2378,0.28358886,0.48709280000000005,0.5105625,0.58501685,0.6650092000000001,0.4733904,0.494129377,TWS,CDS
NCT03900637,letrozole,CYP19A1,breast cancer,HER2 amplification,small_molecule,1,0.2373,0.3464351078989665,0.297817,0.4495395,0.6479741,0.5676112,0.4146240639871383,0.458320606177864,MCS,TDS
NCT03754140,unmapped,UNKNOWN,melanoma,,unknown,0,0.2363,0.21719802000000002,0.7280576,0.2625,0.35827945,0.6691948,0.4011954,0.42423766399999996,TDS,CDS
NCT03873493,venetoclax,BCL2,cancer NOS,,small_molecule,1,0.2334,0.49689756000000007,0.28886200000000006,0.2625,0.61244975,0.6581524,0.7279044683463104,0.5124822922519466,EMS,BFS
NCT03930953,rituximab,MS4A1,lymphoma,,antibody,1,0.2279,0.30701532321402997,0.39047699999999996,0.2625,0.57762235,0.6592515999999999,0.413315162962963,0.4357590990872504,TWS,BFS
NCT04193553,lenvatinib,VEGFR2,cancer NOS,,small_molecule,1,0.2277,0.36403253999999996,0.31382000000000004,0.2625,0.66492,0.60799,0.5125525948419847,0.4603198972262977,MCS,BFS
NCT05879484,pembrolizumab,PDCD1,NSCLC,PD-L1,antibody,0,0.2263,0.3752503169143175,0.277556,0.4539165,0.6213622,0.6817432000000001,0.4364093058495443,0.4767662542602952,TWS,TDS
NCT05525286,unmapped,UNKNOWN,pancreatic cancer,,unknown,0,0.2253,0.21694326,0.739632,0.2625,0.34850845,0.7180947999999999,0.403197,0.431603912,TDS,CDS
NCT05829434,unmapped,UNKNOWN,AML,FLT3 mutation,unknown,0,0.2238,0.31015614,0.6935304,0.4515835,0.37103005000000006,0.6998716,0.33082100000000003,0.46260821300000005,TWS,CDS
NCT03660930,pazopanib,VEGFR2,sarcoma,,small_molecule,0,0.219,0.27779196,0.33396200000000004,0.2625,0.59390265,0.6687256,0.2484321266251842,0.40138188099377764,TWS,EMS
NCT04003623,unmapped,UNKNOWN,solid tumors,FGFR alteration,unknown,1,0.2074,0.22014534,0.7043072,0.4038035,0.3783388,0.6490143999999999,0.40165920000000005,0.44351447299999996,TDS,CDS
NCT06478862,unmapped,UNKNOWN,pancreatic cancer,BRCA1/2,unknown,0,0.2029,0.19495379999999998,0.687336,0.43103249999999993,0.35209690000000005,0.7261072,0.3825066,0.443457485,TWS,CDS
NCT06393751,bevacizumab,VEGFA,ovarian cancer,,antibody,0,0.1999,0.24873078000000004,0.38527900000000004,0.2625,0.59572845,0.5453164,0.358941387770461,0.4016973641655691,MCS,CDS
NCT04305054,pembrolizumab,PDCD1,melanoma,ER negative,antibody,1,0.1957,0.28587208477623566,0.26374400000000003,0.43479049999999997,0.6019063,0.6391504,0.45874520270711466,0.4470201923613143,TWS,TDS
NCT05554354,binimetinib,MAP2K1,breast cancer,,small_molecule,1,0.1942,0.36811073893894164,0.274984,0.2625,0.64587575,0.6934011999999999,0.3323091439093484,0.4372764493741906,TWS,BFS
NCT06182410,unmapped,UNKNOWN,cancer NOS,,unknown,0,0.1916,0.17621718,0.7261200000000001,0.2625,0.34637005,0.7340944,0.373394,0.418933706,TWS,CDS
NCT05999357,unmapped,UNKNOWN,NSCLC,KRAS G12C,unknown,0,0.1907,0.29043972,0.7267796,0.4654155,0.3719929,0.6502264,0.37822140000000004,0.465582959,TDS,CDS
NCT04809467,unmapped,UNKNOWN,CLL,BCL2 overexpression,unknown,1,0.188,0.27165078,0.7159547999999999,0.48023649999999996,0.35081860000000004,0.6905716000000001,0.37800120000000004,0.46420849099999995,TDS,CDS
NCT04346888,unmapped,UNKNOWN,cancer NOS,ER negative,unknown,1,0.1845,0.21721602,0.7361076,0.47988850000000005,0.33009115,0.7426132000000001,0.3474314,0.45536753900000004,TWS,CDS
NCT03770455,avelumab,CD274,prostate cancer,,antibody,0,0.1843,0.2768669319959096,0.25578200000000006,0.2625,0.61606975,0.6608680000000001,0.2973800025415176,0.40006683678040955,TWS,TDS
NCT02432417,unmapped,UNKNOWN,glioblastoma,,unknown,0,0.183,0.23014644,0.7024272,0.2625,0.3335641,0.685258,0.36023579999999994,0.41430525799999995,TDS,CDS
NCT04166383,nivolumab,PDCD1,colorectal cancer,,antibody,0,0.1809,0.32787155999999995,0.26874200000000004,0.2625,0.6056569,0.7309395999999999,0.35332238028839613,0.4290312890432594,TWS,BFS
NCT03806556,unmapped,UNKNOWN,cancer NOS,,unknown,0,0.1744,0.22439562000000002,0.7055708,0.2625,0.37201855,0.592414,0.33953079999999997,0.404285174,TDS,CDS
NCT05788289,lenalidomide,CRBN,lymphoma,CD19,small_molecule,0,0.173,0.3253598258442474,0.27713800000000005,0.41552,0.6066523,0.6174892000000001,0.365324794639866,0.43772322436482936,TWS,TDS
NCT04044560,unmapped,UNKNOWN,cancer NOS,CD19,unknown,0,0.1727,0.21439938,0.7028836,0.43274099999999993,0.33264550000000004,0.7051768,0.3330554,0.435487496,TWS,CDS
NCT05590377,unmapped,UNKNOWN,multiple myeloma,CD38,unknown,0,0.1639,0.27065094,0.7352196,0.477363,0.3568591,0.6805312,0.3697606,0.464933168,TDS,CDS
NCT05839626,unmapped,UNKNOWN,multiple myeloma,CD38,unknown,1,0.1599,0.21811338000000002,0.7109168,0.47070350000000005,0.34360284999999996,0.663406,0.35124320000000003,0.441783671,TDS,CDS
NCT04725994,irinotecan,TOP1,gastric cancer,,small_molecule,1,0.1587,0.27185958,0.695524,0.2625,0.5713333,0.7018504,0.47053980000000006,0.48820070600000004,TWS,BFS
NCT04968015,venetoclax,BCL2,AML,,small_molecule,1,0.1582,0.3934989372994623,0.33479200000000003,0.2625,0.5833353499999999,0.68056,0.4436083261294339,0.4535859063793075,TWS,BFS
NCT05574712,unmapped,UNKNOWN,prostate cancer,PSMA,unknown,0,0.1548,0.21882438,0.7391824,0.4293235,0.3295285,0.603148,0.29475100000000004,0.419631311,TDS,CDS
NCT05483023,unmapped,UNKNOWN,endometrial cancer,,unknown,0,0.1531,0.2722491,0.7006935999999999,0.2625,0.39244825000000005,0.6424576,0.41509860000000004,0.43605194,TDS,BFS
NCT03929666,capecitabine,TYMS,colorectal cancer,,small_molecule,1,0.1486,0.30614586,0.7309736,0.2625,0.6071715,0.6055624000000001,0.4895274,0.495947982,TDS,BFS
NCT06703346,cyclophosphamide,DNA,cancer NOS,,small_molecule,1,0.1461,0.24234936,0.407876,0.2625,0.5923232,0.7080052,0.39626859999999997,0.43313198199999997,TWS,CDS
NCT04051996,unmapped,UNKNOWN,AML,,unknown,0,0.1272,0.22109064,0.7412523999999999,0.2625,0.3553948,0.7874572000000001,0.36574159999999994,0.43883976799999996,TWS,CDS
NCT03952585,cisplatin,DNA,cancer NOS,PD-L1,small_molecule,1,0.1141,0.31752312,0.4694312,0.4678185,0.5662559,0.5207116,0.4599738,0.46444606899999996,MCS,CDS
NCT05846737,unmapped,UNKNOWN,multiple myeloma,,unknown,0,0.1126,0.22437810000000002,0.7462036,0.2625,0.37463260000000004,0.5741128,0.3767481999999999,0.41373683,TDS,CDS
NCT06198426,unmapped,UNKNOWN,solid tumors,,unknown,0,0.1107,0.21766596,0.6978403999999999,0.2625,0.34640154999999995,0.5617228,0.4014798,0.401344952,TDS,CDS
NCT04109482,cyclophosphamide,DNA,cancer NOS,,small_molecule,1,0.0721,0.24215622,0.4808276,0.2625,0.55953815,0.6264112000000001,0.4851018,0.438564964,TWS,CDS
NCT04602065,unmapped,UNKNOWN,lymphoma,PD-L1,unknown,1,0.0656,0.25972644,0.6840204,0.47575199999999995,0.37031155000000004,0.5985952,0.39699419999999996,0.44931186800000006,TDS,CDS
