nct_id,start_year,canonical_drug,primary_target,disease,label,biology_mlp_prob,entity_mlp_prob,mlp_prob,transformer_prob
NCT05593094,2020.0,t-dxd,ERBB2,HER2+ breast cancer,1,0.67226017,0.6014163,0.8888694,0.04256128
NCT05171166,2021.0,unmapped,UNKNOWN,hepatocellular carcinoma,0,0.46639892,0.55855376,0.70071214,0.4488527
NCT03366675,2017.0,unmapped,UNKNOWN,SCLC,0,0.5491162,0.54396915,0.79510593,0.06048716
NCT04139057,2019.0,unmapped,UNKNOWN,HNSCC,1,0.4223017,0.6032385,0.30545697,0.055170957
NCT04426201,2020.0,unmapped,UNKNOWN,cancer NOS,0,0.4132578,0.61500794,0.4915778,0.38855046
NCT04954001,2021.0,unmapped,UNKNOWN,cancer NOS,1,0.5378306,0.61500794,0.6258887,0.5394154
NCT00960544,2019.0,capecitabine,TYMS,breast cancer,0,0.4036035,0.5931147,0.1112166,0.44992852
NCT02826512,2018.0,niraparib,PARP1,breast cancer,0,0.5156034,0.4077621,0.136545,0.031678896
NCT03674112,2018.0,trastuzumab,ERBB2,breast cancer,1,0.6532923,0.76757145,0.9002937,0.7341006
NCT05496231,2022.0,unmapped,UNKNOWN,cancer NOS,1,0.4386219,0.61500794,0.5481146,0.472525
NCT03896295,2019.0,unmapped,UNKNOWN,cancer NOS,1,0.5401267,0.61500794,0.6626736,0.5939765
NCT05011019,2021.0,unmapped,UNKNOWN,cancer NOS,1,0.4425086,0.61500794,0.5421229,0.30270746
NCT03712930,2019.0,unmapped,UNKNOWN,prostate cancer,0,0.5605805,0.6411811,0.8879206,0.93358326
NCT04362007,2020.0,unmapped,UNKNOWN,lymphoma,0,0.45953137,0.51462185,0.51567966,0.3751089
NCT04700072,2021.0,pembrolizumab,PDCD1,melanoma,1,0.5052306,0.6335858,0.8935556,0.6667638
NCT03150836,2017.0,durvalumab,CD274,bladder cancer,0,0.5910696,0.54667634,0.24477766,0.031174738
NCT03900637,2019.0,letrozole,CYP19A1,breast cancer,1,0.54547054,0.47219923,0.24830309,0.07711637
NCT05456165,2022.0,atezolizumab,CD274,colorectal cancer,0,0.5585265,0.53099006,0.30715004,0.032299813
NCT03146871,2017.0,unmapped,UNKNOWN,AML,0,0.57332504,0.5494388,0.86651844,0.8304322
NCT04331119,2020.0,unmapped,UNKNOWN,lymphoma,0,0.46078077,0.51462185,0.41622353,0.3442377
NCT05653856,2022.0,unmapped,UNKNOWN,prostate cancer,1,0.5967473,0.6411811,0.8980053,0.92983943
NCT03782831,2018.0,unmapped,UNKNOWN,hepatocellular carcinoma,0,0.4585558,0.55855376,0.6402359,0.5110819
NCT02948101,2018.0,cyclophosphamide,DNA,ovarian cancer,0,0.5278191,0.30504003,0.1388563,0.031986374
NCT04013854,2020.0,nivolumab,PDCD1,melanoma,1,0.5382922,0.6102746,0.8264435,0.11135101
NCT02955069,2017.0,unmapped,UNKNOWN,pancreatic cancer,1,0.5873526,0.5839022,0.9008748,0.8930425
NCT04460729,2020.0,unmapped,UNKNOWN,NSCLC,0,0.5679981,0.53023326,0.8576218,0.830235
NCT03093831,2016.0,ibrutinib,BTK,lymphoma,0,0.545895,0.42432678,0.10256677,0.01040767
NCT05846737,2023.0,unmapped,UNKNOWN,multiple myeloma,0,0.43043935,0.5229621,0.39780456,0.20328844
NCT05071183,2021.0,trametinib,MAP2K1,solid tumors,0,0.5189516,0.50228065,0.3867453,0.012754154
NCT02924883,2016.0,atezolizumab,CD274,breast cancer,1,0.5615638,0.59940886,0.5747944,0.014816084
NCT02915783,2017.0,lenvatinib,VEGFR2,renal cell carcinoma,1,0.48244983,0.3794003,0.69848806,0.013115153
NCT05282901,2022.0,pembrolizumab,PDCD1,melanoma,1,0.4992012,0.6335858,0.95298874,0.8474937
NCT05041101,2021.0,unmapped,UNKNOWN,cancer NOS,0,0.57766354,0.61500794,0.78121895,0.7090367
NCT05153304,2024.0,nivolumab,PDCD1,cancer NOS,0,0.57182544,0.6555994,0.69632083,0.13216344
NCT03386357,2018.0,pembrolizumab,PDCD1,HNSCC,0,0.49119002,0.6598006,0.7375434,0.9015585
NCT06068881,2025.0,unmapped,UNKNOWN,lymphoma,0,0.44938767,0.51462185,0.37521845,0.3103129
NCT05775900,2023.0,cetuximab,EGFR,colorectal cancer,1,0.53980976,0.56952447,0.7566298,0.8658903
NCT05351021,2022.0,unmapped,UNKNOWN,breast cancer,1,0.4414897,0.50429636,0.25578308,0.11653377
NCT03458728,2018.0,unmapped,UNKNOWN,lymphoma,1,0.44312426,0.51462185,0.31783396,0.4489984
NCT04176952,2019.0,adagrasib,KRAS,pancreatic cancer,0,0.6492494,0.504682,0.9227729,0.06565582
NCT05574712,2024.0,unmapped,UNKNOWN,prostate cancer,0,0.57303363,0.6411811,0.87216413,0.94235533
NCT04577963,2021.0,unmapped,UNKNOWN,TNBC,0,0.5884892,0.5662897,0.34864816,0.27184534
NCT04491084,2021.0,unmapped,UNKNOWN,NSCLC,0,0.48742378,0.53023326,0.60128164,0.27517113
NCT03238638,2018.0,pembrolizumab,PDCD1,HNSCC,0,0.4990208,0.6598006,0.76109934,0.9379446
NCT03240393,2018.0,unmapped,UNKNOWN,lung cancer NOS,0,0.5556938,0.51111466,0.42789358,0.4398548
NCT04111107,2020.0,unmapped,UNKNOWN,lymphoma,0,0.568102,0.51462185,0.73161083,0.9382335
NCT02958852,2025.0,letrozole,CYP19A1,breast cancer,1,0.4849038,0.47219923,0.081603736,0.020016275
NCT03515538,2018.0,cisplatin,DNA,cancer NOS,1,0.5645061,0.23916644,0.12819277,0.012299164
NCT04351230,2020.0,abemaciclib,CDK4,breast cancer,0,0.54638404,0.5431635,0.44521257,0.57097185
NCT02224599,2017.0,cyclophosphamide,DNA,cancer NOS,0,0.58215225,0.28673962,0.22519605,0.012236825
NCT04469699,2021.0,unmapped,UNKNOWN,glioblastoma,0,0.43872675,0.5424962,0.6160798,0.40778533
NCT04212221,2020.0,unmapped,UNKNOWN,hepatocellular carcinoma,0,0.56572026,0.55855376,0.80313265,0.8640322
NCT03873493,2020.0,venetoclax,BCL2,cancer NOS,1,0.60463464,0.5573114,0.9005478,0.6509522
NCT04758507,2021.0,unmapped,UNKNOWN,renal cell carcinoma,1,0.44732523,0.537139,0.5005329,0.012057493
NCT05952037,2023.0,zanubrutinib,BTK,cancer NOS,1,0.5753195,0.5434734,0.3137096,0.019173514
NCT02524119,2016.0,unmapped,UNKNOWN,hepatocellular carcinoma,0,0.44364282,0.55855376,0.69448334,0.4174466
NCT03147612,2018.0,cyclophosphamide,DNA,AML,1,0.5909697,0.29916757,0.7130719,0.97013813
NCT02542930,2016.0,unmapped,UNKNOWN,NSCLC,0,0.46635556,0.53023326,0.6179187,0.23290747
NCT03377101,2018.0,fulvestrant,ESR1,breast cancer,0,0.6572111,0.49253848,0.5252907,0.020394979
NCT03119064,2017.0,irinotecan,TOP1,glioblastoma,0,0.44058686,0.41543096,0.07605711,0.2546317
NCT03631641,2018.0,nivolumab,PDCD1,cancer NOS,0,0.55393434,0.6555994,0.65520275,0.16389166
NCT02856503,2019.0,unmapped,UNKNOWN,breast cancer,0,0.468819,0.50429636,0.22403368,0.10879902
NCT03194373,2017.0,palbociclib,CDK4,HNSCC,1,0.39313188,0.5806072,0.29886302,0.013034352
NCT04305054,2020.0,pembrolizumab,PDCD1,melanoma,1,0.54063594,0.6335858,0.94396955,0.9775448
NCT02913131,2016.0,unmapped,UNKNOWN,prostate cancer,0,0.43639672,0.6411811,0.75514525,0.7726071
NCT05653427,2022.0,unmapped,UNKNOWN,hepatocellular carcinoma,0,0.576225,0.55855376,0.85198545,0.8314768
NCT04560127,2020.0,unmapped,UNKNOWN,thyroid cancer,1,0.602738,0.53432107,0.67779064,0.9837474
NCT03832673,2019.0,pembrolizumab,PDCD1,bladder cancer,0,0.50395864,0.6069928,0.3928974,0.22346957
NCT05687617,2022.0,unmapped,UNKNOWN,gastric cancer,0,0.42892626,0.5447726,0.7441282,0.33784062
NCT02953561,2017.0,avelumab,CD274,AML,0,0.5119993,0.57766473,0.7483251,0.7765272
NCT04817761,2021.0,unmapped,UNKNOWN,cancer NOS,0,0.43179584,0.61500794,0.5508297,0.3060157
NCT05085002,2021.0,letrozole,CYP19A1,breast cancer,0,0.59016687,0.47219923,0.33024597,0.527004
NCT04556617,2020.0,olaparib,PARP1,prostate cancer,0,0.4468414,0.4004576,0.090183176,0.17549002
NCT04346888,2020.0,unmapped,UNKNOWN,cancer NOS,1,0.56403923,0.61500794,0.7407297,0.6804111
NCT03601897,2018.0,paclitaxel,TUBB,solid tumors,0,0.62233764,0.44184455,0.25182417,0.08746335
NCT04044560,2020.0,unmapped,UNKNOWN,cancer NOS,0,0.5798451,0.61500794,0.7089494,0.77324307
NCT03620903,2019.0,ibrutinib,BTK,cancer NOS,1,0.6147118,0.46597093,0.28504542,0.01113468
NCT03662074,2018.0,gemcitabine,RRM1,SCLC,0,0.43992567,0.36859703,0.037086006,0.39118624
NCT03251924,2017.0,nivolumab,PDCD1,cancer NOS,0,0.44108996,0.6555994,0.24749905,0.4345608
NCT03366103,2018.0,unmapped,UNKNOWN,lung cancer NOS,0,0.5978992,0.51111466,0.6355106,0.51306367
NCT02729896,2016.0,atezolizumab,CD274,lymphoma,1,0.55514663,0.5579907,0.80797476,0.020345071
NCT02950480,2017.0,unmapped,UNKNOWN,breast cancer,0,0.41874543,0.50429636,0.2585003,0.05078207
NCT03742596,2018.0,unmapped,UNKNOWN,colorectal cancer,0,0.51794416,0.5099047,0.41956356,0.33736983
NCT04013880,2019.0,unmapped,UNKNOWN,AML,0,0.5693461,0.5494388,0.7531796,0.7836416
NCT03655613,2018.0,nivolumab,PDCD1,renal cell carcinoma,0,0.50276273,0.57977945,0.45835075,0.89386094
NCT04051996,2019.0,unmapped,UNKNOWN,AML,0,0.4270119,0.5494388,0.46643087,0.11815015
NCT03037645,2017.0,unmapped,UNKNOWN,CLL,1,0.42087036,0.55069226,0.30295002,0.013321737
NCT02967770,2016.0,unmapped,UNKNOWN,pancreatic cancer,0,0.5019373,0.5839022,0.71122086,0.5613551
NCT03315754,2017.0,unmapped,UNKNOWN,prostate cancer,1,0.43116745,0.6411811,0.7948546,0.8234117
NCT03104270,2017.0,pomalidomide,CRBN,multiple myeloma,0,0.42886367,0.3881972,0.010306647,0.009494615
NCT04671303,2021.0,unmapped,UNKNOWN,lung cancer NOS,1,0.46647424,0.51111466,0.33501437,0.22475365
NCT03760666,2018.0,unmapped,UNKNOWN,AML,0,0.5228899,0.5494388,0.6544691,0.5939189
NCT03154827,2018.0,atezolizumab,CD274,AML,1,0.46759033,0.57766473,0.60967445,0.6437933
NCT02985203,2016.0,unmapped,UNKNOWN,lung cancer NOS,0,0.49143392,0.51111466,0.38115355,0.2733293
NCT06016270,2024.0,paclitaxel,TUBB,SCLC,0,0.5275861,0.39863828,0.20777965,0.053178515
NCT02725541,2016.0,trastuzumab,ERBB2,breast cancer,0,0.64313257,0.76757145,0.7109221,0.030032033
NCT03806556,2019.0,unmapped,UNKNOWN,cancer NOS,0,0.47549605,0.61500794,0.54423887,0.38064763
NCT04243122,2021.0,unmapped,UNKNOWN,cancer NOS,1,0.5359464,0.61500794,0.65040237,0.5564686
NCT03787303,2019.0,unmapped,UNKNOWN,breast cancer,0,0.45783266,0.50429636,0.25468233,0.09204241
NCT03649841,2020.0,abiraterone,CYP17A1,prostate cancer,0,0.48831448,0.61258745,0.9285873,0.95872456
NCT03361748,2017.0,unmapped,UNKNOWN,multiple myeloma,1,0.56316453,0.5229621,0.6213988,0.623678
NCT03886493,2019.0,unmapped,UNKNOWN,prostate cancer,0,0.45853814,0.6411811,0.8055267,0.8663429
NCT04029038,2019.0,cyclophosphamide,DNA,CLL,0,0.558071,0.30351806,0.1611771,0.014365859
NCT03817398,2019.0,unmapped,UNKNOWN,cancer NOS,1,0.51927096,0.61500794,0.6038356,0.4147089
NCT03801304,2019.0,atezolizumab,CD274,NSCLC,1,0.57938397,0.5659324,0.9426758,0.3062164
NCT03409848,2018.0,nivolumab,PDCD1,gastric cancer,1,0.48758537,0.628154,0.77134466,0.67916155
NCT04510285,2020.0,trastuzumab,ERBB2,gastric cancer,0,0.64476866,0.77108425,0.9698344,0.92424345
NCT03926143,2019.0,unmapped,UNKNOWN,solid tumors,0,0.5505183,0.5696941,0.63937616,0.026551735
NCT05845814,2023.0,pembrolizumab,PDCD1,bladder cancer,1,0.51531136,0.6069928,0.48013613,0.696423
NCT03302247,2018.0,nivolumab,PDCD1,NSCLC,0,0.52312344,0.6209504,0.792587,0.93686116
NCT06257758,2024.0,unmapped,UNKNOWN,breast cancer,0,0.5904713,0.50429636,0.37353477,0.052551214
NCT05573555,2023.0,ribociclib,CDK4,breast cancer,1,0.5448056,0.5431635,0.5351232,0.1209375
NCT03469258,2018.0,unmapped,UNKNOWN,pancreatic cancer,0,0.43230382,0.5839022,0.74543816,0.5216962
NCT02691026,2016.0,pembrolizumab,PDCD1,cancer NOS,0,0.5526335,0.6621471,0.883099,0.90840954
NCT04410874,2020.0,unmapped,UNKNOWN,melanoma,0,0.42426223,0.53619784,0.37954232,0.029211784
NCT03695250,2018.0,nivolumab,PDCD1,hepatocellular carcinoma,0,0.49810606,0.6298511,0.67663676,0.6477975
NCT05356897,2023.0,trastuzumab,ERBB2,colorectal cancer,0,0.63395345,0.73164165,0.7626852,0.70665663
NCT02844582,2017.0,unmapped,UNKNOWN,prostate cancer,0,0.45705584,0.6411811,0.80776346,0.84567
NCT04576455,2020.0,fulvestrant,ESR1,breast cancer,1,0.64415914,0.49253848,0.39599183,0.012505205
NCT03952585,2019.0,cisplatin,DNA,cancer NOS,1,0.5521921,0.23916644,0.12952854,0.010815791
NCT03224208,2018.0,vemurafenib,BRAF,melanoma,0,0.66847205,0.28494677,0.44886282,0.03708256
NCT05839626,2023.0,unmapped,UNKNOWN,multiple myeloma,1,0.5774478,0.5229621,0.6092081,0.5150733
NCT05355597,2021.0,unmapped,UNKNOWN,cancer NOS,1,0.48401326,0.61500794,0.583042,0.40034917
NCT03446040,2018.0,nivolumab,PDCD1,solid tumors,0,0.5233151,0.6359453,0.43697485,0.10098312
NCT03932318,2023.0,venetoclax,BCL2,AML,0,0.5149808,0.46306154,0.902191,0.21633798
NCT06865352,2021.0,unmapped,UNKNOWN,AML,1,0.44112682,0.5494388,0.6099107,0.49978325
NCT06198426,2024.0,unmapped,UNKNOWN,solid tumors,0,0.45553115,0.5696941,0.38361785,0.023945106
NCT04786093,2021.0,durvalumab,CD274,NSCLC,0,0.5555687,0.5659324,0.905412,0.1900071
NCT04453384,2020.0,unmapped,UNKNOWN,cancer NOS,1,0.45018536,0.61500794,0.5410861,0.67234457
NCT04308785,2021.0,atezolizumab,CD274,SCLC,0,0.57077724,0.5851017,0.8135331,0.029137762
NCT04159896,2019.0,nivolumab,PDCD1,prostate cancer,0,0.48358077,0.6383662,0.5426049,0.31250283
NCT04713046,2023.0,unmapped,UNKNOWN,cancer NOS,1,0.5514101,0.61500794,0.77217895,0.75295204
NCT02506114,2016.0,ipilimumab,CTLA4,cancer NOS,0,0.47463092,0.56935537,0.4565703,0.55626696
NCT04313504,2020.0,niraparib,PARP1,HNSCC,1,0.43987283,0.4465151,0.11525513,0.05604322
NCT03881735,2019.0,unmapped,UNKNOWN,AML,0,0.5864608,0.5494388,0.8284006,0.8025402
NCT04038489,2019.0,tamoxifen,ESR1,breast cancer,0,0.64016867,0.49253848,0.4736312,0.011614603
NCT05204160,2022.0,pembrolizumab,PDCD1,multiple myeloma,0,0.4285697,0.6377658,0.26767483,0.7568539
NCT03765983,2019.0,trastuzumab,ERBB2,breast cancer,1,0.64494306,0.76757145,0.8889198,0.79426897
NCT05467670,2023.0,pembrolizumab,PDCD1,ovarian cancer,1,0.49672732,0.63674617,0.8188308,0.9491087
NCT04827953,2021.0,gemcitabine,RRM1,pancreatic cancer,1,0.39642295,0.40206575,0.34286463,0.4879114
NCT04602065,2020.0,unmapped,UNKNOWN,lymphoma,1,0.55367464,0.51462185,0.70146924,0.91662276
NCT02624492,2016.0,rituximab,MS4A1,lymphoma,1,0.51730484,0.24846677,0.10354179,0.0139204655
NCT03110107,2017.0,ipilimumab,CTLA4,solid tumors,0,0.5674531,0.5831992,0.7025918,0.93129873
NCT03649464,2022.0,unmapped,UNKNOWN,glioblastoma,0,0.5480039,0.5424962,0.7856248,0.95571744
NCT03334409,2018.0,pazopanib,VEGFR2,renal cell carcinoma,0,0.4649763,0.37729606,0.1503944,0.012715673
NCT03614728,2018.0,unmapped,UNKNOWN,cancer NOS,0,0.4515381,0.61500794,0.5033005,0.5843293
NCT05676463,2022.0,unmapped,UNKNOWN,prostate cancer,0,0.534898,0.6411811,0.8892918,0.9175461
NCT04824794,2021.0,unmapped,UNKNOWN,AML,0,0.5972928,0.5494388,0.8074365,0.82300526
NCT04166383,2020.0,nivolumab,PDCD1,colorectal cancer,0,0.41646773,0.58862776,0.09201425,0.014412236
NCT04230954,2020.0,cabozantinib,MET,cancer NOS,0,0.63324094,0.5639864,0.7924479,0.25558227
NCT03056001,2017.0,pembrolizumab,PDCD1,sarcoma,1,0.5240309,0.62662154,0.6832575,0.93374205
NCT04944173,2023.0,durvalumab,CD274,NSCLC,0,0.57392836,0.5659324,0.93857837,0.14028913
NCT03610581,2018.0,unmapped,UNKNOWN,cancer NOS,0,0.42031297,0.61500794,0.5610714,0.45032853
NCT03795272,2019.0,rucaparib,PARP1,cancer NOS,0,0.46198097,0.42573035,0.108113155,0.009963381
NCT03204201,2017.0,unmapped,UNKNOWN,colorectal cancer,0,0.50599915,0.5099047,0.2823226,0.24189436
NCT03366766,2017.0,nivolumab,PDCD1,NSCLC,0,0.49502724,0.6209504,0.77839303,0.69007194
NCT05815186,2024.0,sotorasib,KRAS,NSCLC,0,0.6697307,0.4828336,0.9312156,0.101098225
NCT04329325,2020.0,dasatinib,ABL1,cancer NOS,1,0.57277584,0.65144634,0.36800587,0.02403429
NCT02657005,2016.0,unmapped,UNKNOWN,sarcoma,0,0.44536158,0.57511514,0.38521442,0.082476184
NCT03108495,2017.0,pembrolizumab,PDCD1,cancer NOS,0,0.5675445,0.6621471,0.91965044,0.91106963
NCT03925675,2020.0,unmapped,UNKNOWN,cancer NOS,0,0.44253105,0.61500794,0.5529221,0.48627242
NCT03796429,2018.0,unmapped,UNKNOWN,cancer NOS,1,0.54057926,0.61500794,0.7831812,0.7240403
NCT06521775,2024.0,unmapped,UNKNOWN,cancer NOS,1,0.61605394,0.61500794,0.7605101,0.7299918
NCT03930953,2019.0,rituximab,MS4A1,lymphoma,1,0.3764673,0.24846677,0.09592616,0.010439316
NCT04193553,2020.0,lenvatinib,VEGFR2,cancer NOS,1,0.43851596,0.43465254,0.7577102,0.2592525
NCT03232892,2018.0,trametinib,MAP2K1,NSCLC,0,0.49214423,0.4828336,0.8137676,0.013371431
NCT05546411,2023.0,fluorouracil,TYMS,pancreatic cancer,0,0.4967757,0.5234616,0.8948525,0.7444099
NCT05309629,2022.0,carboplatin,DNA,lung cancer NOS,1,0.401104,0.30971223,0.11114194,0.0102683455
NCT02815995,2016.0,durvalumab,CD274,sarcoma,1,0.54917645,0.5759786,0.59822875,0.03033579
NCT03169777,2018.0,avelumab,CD274,colorectal cancer,0,0.48303267,0.53099006,0.17712826,0.09923415
NCT06391775,2024.0,pembrolizumab,PDCD1,solid tumors,1,0.51286644,0.6532934,0.7429136,0.87923205
NCT05565794,2022.0,unmapped,UNKNOWN,cholangiocarcinoma,0,0.60108423,0.51876587,0.7440594,0.56848896
NCT05212922,2023.0,unmapped,UNKNOWN,NSCLC,0,0.5665123,0.53023326,0.9206665,0.914681
NCT05999357,2024.0,unmapped,UNKNOWN,NSCLC,0,0.5554634,0.53023326,0.9147471,0.9016685
NCT04952753,2021.0,bevacizumab,VEGFA,colorectal cancer,0,0.55373067,0.4640143,0.53375113,0.5124437
NCT04231981,2020.0,unmapped,UNKNOWN,cancer NOS,1,0.53377146,0.61500794,0.7242117,0.90554965
NCT03224767,2018.0,vemurafenib,BRAF,cancer NOS,1,0.6569447,0.36626253,0.6997418,0.021997733
NCT05116800,2022.0,gemcitabine,RRM1,sarcoma,0,0.402613,0.39264774,0.04894254,0.009876969
NCT03668392,2020.0,unmapped,UNKNOWN,cancer NOS,0,0.45271206,0.61500794,0.55330664,0.6402345
NCT03740100,2019.0,unmapped,UNKNOWN,cancer NOS,0,0.4588468,0.61500794,0.59243256,0.41816536
NCT03770455,2019.0,avelumab,CD274,prostate cancer,0,0.4529762,0.5889054,0.46242416,0.28322062
NCT05572476,2023.0,durvalumab,CD274,SCLC,0,0.4965568,0.5851017,0.483372,0.056947023
NCT04525391,2020.0,durvalumab,CD274,cancer NOS,0,0.6153792,0.6055074,0.86797744,0.26840544
NCT02399085,2016.0,lenalidomide,CRBN,DLBCL,1,0.47979945,0.28164,0.11854288,0.06555871
NCT04217317,2020.0,unmapped,UNKNOWN,lymphoma,0,0.55059355,0.51462185,0.7196807,0.91066015
NCT03265717,2018.0,unmapped,UNKNOWN,cancer NOS,0,0.45420092,0.61500794,0.5369557,0.6361853
NCT04398368,2020.0,gemcitabine,RRM1,cancer NOS,0,0.47369778,0.36267292,0.03376579,0.013983218
NCT05255484,2022.0,unmapped,UNKNOWN,solid tumors,0,0.4388943,0.5696941,0.3644366,0.02555928
NCT02872714,2017.0,unmapped,UNKNOWN,bladder cancer,1,0.58926374,0.51364726,0.46143726,0.012911403
NCT03311126,2017.0,obinutuzumab,MS4A1,lymphoma,0,0.40009806,0.44160157,0.7990269,0.029219823
NCT05500508,2022.0,unmapped,UNKNOWN,NSCLC,0,0.43815714,0.53023326,0.58343124,0.34898052
NCT03435848,2018.0,unmapped,UNKNOWN,AML,1,0.4323255,0.5494388,0.5134569,0.1900658
NCT04629508,2021.0,unmapped,UNKNOWN,cancer NOS,1,0.58240646,0.61500794,0.7542,0.6901887
NCT03316638,2017.0,unmapped,UNKNOWN,solid tumors,0,0.4270494,0.5696941,0.44490626,0.023503
NCT03389438,2018.0,unmapped,UNKNOWN,bladder cancer,0,0.4715278,0.51364726,0.16899733,0.014595321
NCT04347226,2020.0,unmapped,UNKNOWN,solid tumors,0,0.470933,0.5696941,0.42997643,0.027845947
NCT04862143,2022.0,alpelisib,PIK3CA,breast cancer,0,0.6303842,0.5106953,0.5906367,0.014583792
NCT02621515,2016.0,nivolumab,PDCD1,melanoma,0,0.5250519,0.6102746,0.7086304,0.40206343
NCT04276597,2020.0,unmapped,UNKNOWN,glioma,0,0.5225,0.58049047,0.33474216,0.036591668
NCT05561491,2024.0,unmapped,UNKNOWN,melanoma,0,0.43741032,0.53619784,0.41122568,0.15487257
NCT05879484,2025.0,pembrolizumab,PDCD1,NSCLC,0,0.4985872,0.6454116,0.95580333,0.94421417
NCT03243838,2018.0,lapatinib,ERBB2,TNBC,0,0.63566035,0.7469757,0.86938435,0.9640123
NCT03185182,2017.0,unmapped,UNKNOWN,renal cell carcinoma,0,0.4756383,0.537139,0.58661133,0.010867669
NCT05483023,2024.0,unmapped,UNKNOWN,endometrial cancer,0,0.4496616,0.5400945,0.26150575,0.0521626
NCT05788289,2023.0,lenalidomide,CRBN,lymphoma,0,0.51045984,0.31841555,0.5379246,0.1099662
NCT03323710,2018.0,sunitinib,VEGFR2,renal cell carcinoma,0,0.4417835,0.42599404,0.10112435,0.010447492
NCT03634150,2018.0,unmapped,UNKNOWN,TNBC,0,0.596917,0.5662897,0.5371566,0.21407305
NCT04629651,2024.0,unmapped,UNKNOWN,cancer NOS,0,0.44808987,0.61500794,0.5566422,0.38868165
NCT04980222,2022.0,doxorubicin,TOP2A,lymphoma,1,0.5511893,0.5805043,0.8591485,0.9618722
NCT02923739,2017.0,bevacizumab,VEGFA,ovarian cancer,0,0.48021013,0.4724278,0.32300046,0.07431059
NCT05994001,2023.0,unmapped,UNKNOWN,cancer NOS,1,0.60239285,0.61500794,0.8275391,0.69640493
NCT02661022,2016.0,unmapped,UNKNOWN,multiple myeloma,0,0.40764213,0.5229621,0.3669479,0.09257786
NCT02711137,2016.0,gemcitabine,RRM1,solid tumors,0,0.4214748,0.40889347,0.0411803,0.010576331
NCT02014545,2016.0,unmapped,UNKNOWN,NSCLC,0,0.5071611,0.53023326,0.6266458,0.2796969
NCT04294277,2020.0,unmapped,UNKNOWN,bladder cancer,1,0.59612596,0.51364726,0.29214054,0.012066751
NCT04802031,2021.0,unmapped,UNKNOWN,multiple myeloma,0,0.45575687,0.5229621,0.4376436,0.17430846
NCT02472080,2016.0,gemcitabine,RRM1,thyroid cancer,0,0.41127768,0.36759874,0.053648125,0.97875834
NCT02872701,2017.0,unmapped,UNKNOWN,lung cancer NOS,1,0.43737054,0.51111466,0.2368276,0.13000518
NCT04828486,2021.0,pembrolizumab,PDCD1,hepatocellular carcinoma,1,0.40140077,0.6347091,0.6061695,0.3801902
NCT05743270,2024.0,nivolumab,PDCD1,HNSCC,0,0.505115,0.64338315,0.39486274,0.31410903
NCT04621188,2021.0,lorlatinib,ALK,NSCLC,1,0.6662219,0.4828336,0.93177944,0.024486726
NCT03698227,2018.0,doxorubicin,TOP2A,sarcoma,0,0.51515436,0.63157976,0.28944862,0.011122522
NCT04407442,2020.0,unmapped,UNKNOWN,multiple myeloma,0,0.5735118,0.5229621,0.6181784,0.53796846
NCT03677141,2019.0,cyclophosphamide,DNA,lymphoma,1,0.56301916,0.28551435,0.18744951,0.013445498
NCT03868423,2019.0,brigatinib,ALK,cancer NOS,0,0.58927196,0.52296335,0.52309585,0.2510139
NCT06182410,2024.0,unmapped,UNKNOWN,cancer NOS,0,0.42348775,0.61500794,0.55744696,0.4952437
NCT03347123,2018.0,nivolumab,PDCD1,solid tumors,0,0.45052728,0.6359453,0.11119459,0.012599658
NCT02712723,2016.0,letrozole,CYP19A1,breast cancer,1,0.58371246,0.47219923,0.27384406,0.05532509
NCT05445882,2024.0,unmapped,UNKNOWN,prostate cancer,0,0.5928623,0.6411811,0.91517794,0.9389877
NCT06501989,2025.0,fluorouracil,TYMS,colorectal cancer,0,0.51955813,0.52752644,0.7493737,0.6770879
NCT04154189,2020.0,lenvatinib,VEGFR2,sarcoma,1,0.4154647,0.38192374,0.67976356,0.44751686
NCT02530489,2016.0,atezolizumab,CD274,TNBC,0,0.5647939,0.56112957,0.34992975,0.07458878
NCT03733990,2018.0,unmapped,UNKNOWN,cancer NOS,1,0.5912947,0.61500794,0.7880969,0.6924187
NCT04205240,2020.0,cyclophosphamide,DNA,multiple myeloma,0,0.4273231,0.28793576,0.02988948,0.010223385
NCT03734198,2018.0,ibrutinib,BTK,CLL,1,0.60789156,0.4581221,0.21964481,0.011746461
NCT04905407,2021.0,venetoclax,BCL2,AML,0,0.4931259,0.46306154,0.8767838,0.35909757
NCT02958163,2017.0,doxorubicin,TOP2A,hepatocellular carcinoma,0,0.4356534,0.63331723,0.7513359,0.8040772
NCT03207867,2017.0,unmapped,UNKNOWN,NSCLC,0,0.56128377,0.53023326,0.8981406,0.85921854
NCT05683834,2023.0,unmapped,UNKNOWN,cancer NOS,0,0.4456113,0.61500794,0.554688,0.3754043
NCT02679963,2016.0,olaparib,PARP1,NSCLC,0,0.5051979,0.34019437,0.33510503,0.4454058
NCT07122063,2025.0,unmapped,UNKNOWN,solid tumors,1,0.5938156,0.5696941,0.6968765,0.013951105
NCT03377387,2017.0,capecitabine,TYMS,breast cancer,1,0.6118726,0.5931147,0.6883759,0.7064093
NCT03387514,2018.0,unmapped,UNKNOWN,renal cell carcinoma,1,0.4743459,0.537139,0.599619,0.012021252
NCT05829434,2024.0,unmapped,UNKNOWN,AML,0,0.5764828,0.5494388,0.8185081,0.81018806
NCT05189197,2022.0,zanubrutinib,BTK,DLBCL,1,0.55826414,0.5075398,0.056063708,0.01708041
NCT02863991,2017.0,unmapped,UNKNOWN,multiple myeloma,0,0.5221075,0.5229621,0.58010614,0.30129978
NCT02613182,2016.0,unmapped,UNKNOWN,cancer NOS,0,0.46749315,0.61500794,0.51334256,0.38968006
NCT06206278,2023.0,unmapped,UNKNOWN,gastric cancer,0,0.43039143,0.5447726,0.717215,0.29359207
NCT04611776,2021.0,atezolizumab,CD274,NSCLC,0,0.5501571,0.5659324,0.93941075,0.08446532
NCT04968015,2022.0,venetoclax,BCL2,AML,1,0.51831615,0.46306154,0.8816795,0.20475928
NCT03333915,2016.0,unmapped,UNKNOWN,TNBC,1,0.5447973,0.5662897,0.34933507,0.2709956
NCT03674385,2018.0,unmapped,UNKNOWN,cancer NOS,1,0.51169133,0.61500794,0.6397386,0.4550131
NCT05967286,2023.0,alpelisib,PIK3CA,breast cancer,0,0.6330247,0.5106953,0.55490595,0.021137666
NCT06703346,2019.0,cyclophosphamide,DNA,cancer NOS,1,0.4054661,0.28673962,0.054089118,0.011418118
NCT02826486,2016.0,pembrolizumab,PDCD1,pancreatic cancer,1,0.48467132,0.6324009,0.871905,0.8779277
NCT03451773,2018.0,gemcitabine,RRM1,pancreatic cancer,0,0.6202023,0.40206575,0.84645116,0.9040521
NCT03721679,2018.0,pembrolizumab,PDCD1,cancer NOS,0,0.56452435,0.6621471,0.9155966,0.9030869
NCT03274258,2017.0,ipilimumab,CTLA4,renal cell carcinoma,0,0.5246218,0.52158874,0.56808007,0.74900573
NCT04648826,2021.0,unmapped,UNKNOWN,melanoma,0,0.5694659,0.53619784,0.8412286,0.967789
NCT04425655,2020.0,unmapped,UNKNOWN,AML,0,0.53635705,0.5494388,0.77697974,0.76592803
NCT03810105,2019.0,olaparib,PARP1,prostate cancer,0,0.5262807,0.4004576,0.29698658,0.3022181
NCT06359041,2024.0,unmapped,UNKNOWN,cancer NOS,1,0.4413846,0.61500794,0.5810738,0.3981859
NCT03307941,2017.0,oxaliplatin,DNA,cancer NOS,0,0.5726812,0.39516303,0.28518832,0.012071394
NCT05298696,2022.0,unmapped,UNKNOWN,breast cancer,1,0.52875173,0.50429636,0.370247,0.17590939
NCT05685550,2023.0,unmapped,UNKNOWN,cancer NOS,1,0.6115219,0.61500794,0.7706889,0.70622706
NCT06268574,2024.0,unmapped,UNKNOWN,AML,1,0.4185368,0.5494388,0.50195843,0.19151682
NCT03501979,2019.0,tucatinib,ERBB2,breast cancer,0,0.6689979,0.6421344,0.786598,0.16143501
NCT03295396,2017.0,unmapped,UNKNOWN,glioma,0,0.5847334,0.58049047,0.5490973,0.04572243
NCT04648189,2022.0,cetuximab,EGFR,lung cancer NOS,0,0.6372377,0.50547475,0.82958823,0.7198614
NCT04021082,2019.0,unmapped,UNKNOWN,lymphoma,0,0.4796617,0.51462185,0.42711446,0.25177574
NCT02952573,2017.0,unmapped,UNKNOWN,multiple myeloma,0,0.5943124,0.5229621,0.6626264,0.5750712
NCT03769181,2018.0,unmapped,UNKNOWN,lymphoma,0,0.59747684,0.51462185,0.75527954,0.868193
NCT03387111,2018.0,doxorubicin,TOP2A,cancer NOS,0,0.5658658,0.6274045,0.82908016,0.5703926
NCT06967987,2026.0,unmapped,UNKNOWN,gastric cancer,0,0.55591846,0.5447726,0.81301993,0.54457104
NCT04809467,2021.0,unmapped,UNKNOWN,CLL,1,0.57591176,0.55069226,0.49886864,0.021469569
NCT03088709,2017.0,cyclophosphamide,DNA,AML,0,0.5147183,0.29916757,0.3663138,0.8897565
NCT02648932,2016.0,unmapped,UNKNOWN,AML,0,0.43981406,0.5494388,0.5728889,0.4092104
NCT03617484,2020.0,bortezomib,PSMB5,lymphoma,0,0.47262523,0.5603633,0.7454772,0.9448977
NCT03951077,2019.0,unmapped,UNKNOWN,cancer NOS,1,0.4191472,0.61500794,0.54969174,0.3961745
NCT04463771,2021.0,unmapped,UNKNOWN,endometrial cancer,1,0.5775836,0.5400945,0.31503126,0.016621703
NCT07084909,2025.0,unmapped,UNKNOWN,renal cell carcinoma,0,0.58595383,0.537139,0.7088517,0.01324193
NCT03207334,2018.0,unmapped,UNKNOWN,AML,0,0.42713994,0.5494388,0.5714946,0.4643767
NCT03993379,2019.0,ipilimumab,CTLA4,melanoma,0,0.51178163,0.5292464,0.74124205,0.16818734
NCT02732327,2016.0,unmapped,UNKNOWN,cancer NOS,0,0.43754312,0.61500794,0.5601063,0.47893795
NCT03643510,2018.0,fulvestrant,ESR1,cancer NOS,1,0.62477386,0.52296335,0.7803152,0.031929474
NCT03727724,2018.0,afatinib,EGFR,lung cancer NOS,1,0.63784605,0.3887892,0.17053604,0.011867812
NCT04440982,2020.0,unmapped,UNKNOWN,breast cancer,0,0.48741686,0.50429636,0.2982818,0.1212897
NCT02486796,2016.0,unmapped,UNKNOWN,cancer NOS,0,0.41380912,0.61500794,0.46151525,0.3794589
NCT03801369,2018.0,durvalumab,CD274,TNBC,0,0.5504111,0.56112957,0.43718925,0.09962003
NCT03600883,2018.0,sotorasib,KRAS,solid tumors,1,0.6071844,0.50228065,0.60962313,0.017645992
NCT03514017,2019.0,pembrolizumab,PDCD1,CLL,0,0.4051327,0.6231559,0.13002732,0.010821624
NCT03610724,2019.0,unmapped,UNKNOWN,lymphoma,1,0.5943264,0.51462185,0.82211345,0.90078914
NCT04019288,2019.0,durvalumab,CD274,ovarian cancer,0,0.4757394,0.58371234,0.37089843,0.030129725
NCT05011058,2021.0,unmapped,UNKNOWN,DLBCL,0,0.57700163,0.5320627,0.51528585,0.50382125
NCT05044897,2021.0,unmapped,UNKNOWN,HNSCC,1,0.4690694,0.6032385,0.44839692,0.4231725
NCT02795988,2017.0,capecitabine,TYMS,cancer NOS,1,0.5969371,0.5931678,0.83276576,0.917868
NCT03754140,2020.0,unmapped,UNKNOWN,melanoma,0,0.45397478,0.53619784,0.46123773,0.13238604
NCT04155190,2019.0,unmapped,UNKNOWN,cancer NOS,0,0.43587402,0.61500794,0.53399175,0.54022866
NCT05589597,2023.0,unmapped,UNKNOWN,colorectal cancer,0,0.5814212,0.5099047,0.29290494,0.34619847
NCT06881823,2026.0,unmapped,UNKNOWN,prostate cancer,0,0.5758808,0.6411811,0.8450003,0.93137294
NCT04003623,2019.0,unmapped,UNKNOWN,solid tumors,1,0.6029423,0.5696941,0.6264091,0.013478302
NCT03439280,2018.0,pomalidomide,CRBN,multiple myeloma,1,0.5544346,0.3881972,0.06310346,0.012638592
NCT06556108,2018.0,cyclophosphamide,DNA,solid tumors,1,0.4172149,0.30001044,0.032943957,0.010476414
NCT06186076,2024.0,unmapped,UNKNOWN,NSCLC,1,0.57720894,0.53023326,0.8818657,0.8828752
NCT02707588,2016.0,pembrolizumab,PDCD1,HNSCC,1,0.4115897,0.6598006,0.21159595,0.026273293
NCT04452955,2020.0,unmapped,UNKNOWN,solid tumors,1,0.42298192,0.5696941,0.4610318,0.027222961
NCT02856815,2018.0,unmapped,UNKNOWN,hepatocellular carcinoma,1,0.4436465,0.55855376,0.6209006,0.44857815
NCT03937791,2019.0,unmapped,UNKNOWN,cancer NOS,0,0.4184456,0.61500794,0.5744901,0.55223715
NCT02535247,2016.0,unmapped,UNKNOWN,lymphoma,0,0.5825925,0.51462185,0.7780223,0.8782645
NCT02992860,2016.0,unmapped,UNKNOWN,AML,0,0.43413365,0.5494388,0.61486244,0.42107427
NCT04109482,2020.0,cyclophosphamide,DNA,cancer NOS,1,0.4863436,0.28673962,0.032552555,0.010852046
NCT04077723,2019.0,obinutuzumab,MS4A1,lymphoma,1,0.54478,0.44160157,0.9441003,0.65324736
NCT02810886,2016.0,unmapped,UNKNOWN,prostate cancer,0,0.56667817,0.6411811,0.9115599,0.9352491
NCT05917470,2023.0,unmapped,UNKNOWN,prostate cancer,0,0.44792247,0.6411811,0.7396769,0.8297623
NCT04725994,2021.0,irinotecan,TOP1,gastric cancer,1,0.44319272,0.40497357,0.25391302,0.025604948
NCT02689219,2016.0,brentuximab vedotin,TNFRSF8,cancer NOS,0,0.52323276,0.6065114,0.7872413,0.3119112
NCT03660930,2019.0,pazopanib,VEGFR2,sarcoma,0,0.36405662,0.3920521,0.071899794,0.015563404
NCT04512430,2020.0,atezolizumab,CD274,NSCLC,0,0.5838791,0.5659324,0.954466,0.22139573
NCT03099486,2017.0,regorafenib,VEGFR2,colorectal cancer,0,0.5140564,0.4861076,0.42002687,0.14638393
NCT03050554,2017.0,avelumab,CD274,NSCLC,0,0.59464383,0.5659324,0.95401084,0.20536815
NCT02773030,2016.0,bortezomib,PSMB5,multiple myeloma,1,0.454797,0.5456463,0.60531044,0.05698502
NCT05116683,2022.0,unmapped,UNKNOWN,sarcoma,0,0.43191004,0.57511514,0.4482939,0.15303391
NCT04536922,2021.0,cyclophosphamide,DNA,cancer NOS,0,0.53661436,0.28673962,0.15954755,0.016888663
NCT05628545,2021.0,unmapped,UNKNOWN,hepatocellular carcinoma,0,0.5392007,0.55855376,0.7132823,0.5387973
NCT03219372,2018.0,unmapped,UNKNOWN,hepatocellular carcinoma,0,0.44312036,0.55855376,0.6056131,0.72233135
NCT03041701,2017.0,dasatinib,ABL1,sarcoma,0,0.5546564,0.59977233,0.21487786,0.012201487
NCT03803761,2019.0,fulvestrant,ESR1,breast cancer,0,0.65671504,0.49253848,0.54913604,0.015694816
NCT06478862,2024.0,unmapped,UNKNOWN,pancreatic cancer,0,0.5573229,0.5839022,0.87156427,0.8712034
NCT02852486,2016.0,unmapped,UNKNOWN,cancer NOS,1,0.43406436,0.61500794,0.54135156,0.71883357
NCT03393273,2018.0,unmapped,UNKNOWN,multiple myeloma,0,0.43033588,0.5229621,0.40731308,0.2506205
NCT03241173,2017.0,nivolumab,PDCD1,cancer NOS,1,0.47210526,0.6555994,0.23586349,0.09353929
NCT02183883,2016.0,afatinib,EGFR,NSCLC,1,0.6111093,0.43553436,0.77495074,0.055044748
NCT04189445,2020.0,unmapped,UNKNOWN,gastric cancer,0,0.5560982,0.5447726,0.83975714,0.67661226
NCT02775695,2017.0,unmapped,UNKNOWN,pancreatic cancer,1,0.4317358,0.5839022,0.7472172,0.5135077
NCT03644342,2019.0,unmapped,UNKNOWN,cancer NOS,0,0.4604783,0.61500794,0.58386624,0.40758753
NCT06006286,2023.0,atezolizumab,CD274,hepatocellular carcinoma,0,0.5538198,0.5775626,0.80061907,0.49335304
NCT04202003,2020.0,unmapped,UNKNOWN,AML,1,0.5966417,0.5494388,0.8696807,0.8097417
NCT02067741,2016.0,unmapped,UNKNOWN,breast cancer,0,0.566385,0.50429636,0.4557329,0.13492726
NCT03681951,2018.0,pembrolizumab,PDCD1,pancreatic cancer,0,0.5054929,0.6324009,0.9247758,0.93725556
NCT05227131,2022.0,tucatinib,ERBB2,HER2+ breast cancer,0,0.6491665,0.63226795,0.8693539,0.10660153
NCT02521077,2017.0,unmapped,UNKNOWN,cancer NOS,0,0.5311514,0.61500794,0.63305014,0.5893128
NCT05583110,2023.0,tucatinib,ERBB2,breast cancer,1,0.65331733,0.6421344,0.7710917,0.115782194
NCT03002623,2016.0,unmapped,UNKNOWN,thyroid cancer,0,0.513593,0.53432107,0.6685842,0.98386234
NCT03533946,2019.0,rucaparib,PARP1,prostate cancer,0,0.52466667,0.41578043,0.4629601,0.5292876
NCT05561751,2023.0,unmapped,UNKNOWN,multiple myeloma,1,0.4234345,0.5229621,0.35680246,0.16277413
NCT03241927,2017.0,pembrolizumab,PDCD1,melanoma,0,0.51219517,0.6335858,0.86510533,0.9682653
NCT05428969,2022.0,venetoclax,BCL2,AML,1,0.51578,0.46306154,0.8933003,0.71815616
NCT02978222,2017.0,unmapped,UNKNOWN,ovarian cancer,0,0.4943032,0.5722819,0.64783543,0.8263163
NCT05220722,2022.0,pembrolizumab,PDCD1,hepatocellular carcinoma,0,0.5288105,0.6347091,0.932641,0.95718
NCT04404361,2020.0,unmapped,UNKNOWN,cancer NOS,0,0.4309365,0.61500794,0.47480372,0.2871062
NCT05908786,2023.0,atezolizumab,CD274,hepatocellular carcinoma,1,0.551138,0.5775626,0.8291906,0.572948
NCT03045653,2017.0,tamoxifen,ESR1,breast cancer,1,0.6104715,0.49253848,0.23226333,0.010289632
NCT06087237,2023.0,unmapped,UNKNOWN,breast cancer,1,0.4491399,0.50429636,0.22683243,0.12795389
NCT04157088,2019.0,enzalutamide,AR,cancer NOS,0,0.56505686,0.52296335,0.51265943,0.03855623
NCT05525286,2022.0,unmapped,UNKNOWN,pancreatic cancer,0,0.44871888,0.5839022,0.72892594,0.72797537
NCT05705466,2023.0,pembrolizumab,PDCD1,NSCLC,0,0.49208364,0.6454116,0.9659466,0.9494767
NCT03137537,2018.0,unmapped,UNKNOWN,lymphoma,0,0.43718192,0.51462185,0.3145779,0.36574483
NCT03992339,2020.0,unmapped,UNKNOWN,DLBCL,1,0.48746854,0.5320627,0.51683384,0.37208992
NCT06054477,2023.0,pembrolizumab,PDCD1,HNSCC,0,0.511144,0.6598006,0.8665829,0.9731311
NCT04633278,2021.0,pembrolizumab,PDCD1,HNSCC,0,0.49919492,0.6598006,0.83329356,0.9704297
NCT03476174,2018.0,pembrolizumab,PDCD1,melanoma,0,0.42362025,0.6335858,0.40821952,0.16243207
NCT06227897,2024.0,unmapped,UNKNOWN,lung cancer NOS,0,0.511849,0.51111466,0.4945538,0.5624203
NCT06017297,2024.0,durvalumab,CD274,cancer NOS,0,0.53682494,0.6055074,0.5995243,0.6055793
NCT04778410,2021.0,venetoclax,BCL2,cancer NOS,0,0.5921527,0.5573114,0.89085835,0.66389424
NCT05177796,2022.0,carboplatin,DNA,TNBC,0,0.567265,0.32760683,0.5005577,0.02137725
NCT04489173,2020.0,unmapped,UNKNOWN,breast cancer,1,0.58046865,0.50429636,0.44827846,0.17213957
NCT02819869,2016.0,unmapped,UNKNOWN,hepatocellular carcinoma,0,0.590061,0.55855376,0.877682,0.82024556
NCT05498220,2023.0,rituximab,MS4A1,DLBCL,0,0.43550837,0.30268434,0.21434392,0.34794635
NCT03454620,2018.0,irinotecan,TOP1,colorectal cancer,1,0.5999389,0.43438938,0.066898264,0.32962534
NCT04093323,2024.0,unmapped,UNKNOWN,melanoma,0,0.57047284,0.53619784,0.8088456,0.92803717
NCT03807479,2018.0,unmapped,UNKNOWN,cancer NOS,0,0.46075258,0.61500794,0.5723907,0.3776736
NCT02161679,2016.0,carboplatin,DNA,TNBC,0,0.55873936,0.32760683,0.43880844,0.022241931
NCT05554354,2024.0,binimetinib,MAP2K1,breast cancer,1,0.39734668,0.49253848,0.11516505,0.010298356
NCT04282590,2020.0,unmapped,UNKNOWN,cancer NOS,0,0.4658257,0.61500794,0.61988556,0.5229337
NCT03719560,2019.0,methotrexate,DHFR,lymphoma,0,0.40548566,0.4342746,0.21719788,0.013694694
NCT03929666,2019.0,capecitabine,TYMS,colorectal cancer,1,0.5100835,0.57302743,0.3412187,0.51866186
NCT03435640,2018.0,nivolumab,PDCD1,TNBC,0,0.4986491,0.6240228,0.15844591,0.6099725
NCT03642990,2019.0,unmapped,UNKNOWN,breast cancer,0,0.43405628,0.50429636,0.25602314,0.11030934
NCT05972720,2023.0,cyclophosphamide,DNA,lymphoma,0,0.5964165,0.28551435,0.27403542,0.01235644
NCT05195762,2023.0,unmapped,UNKNOWN,cancer NOS,0,0.46083415,0.61500794,0.50806355,0.41021693
NCT04444141,2020.0,unmapped,UNKNOWN,lymphoma,0,0.5883628,0.51462185,0.76622933,0.9048761
NCT03624231,2018.0,durvalumab,CD274,HNSCC,1,0.52726275,0.58256596,0.62480414,0.015270132
NCT04966676,2022.0,nivolumab,PDCD1,NSCLC,0,0.5033873,0.6209504,0.77352905,0.5776485
NCT04126525,2019.0,unmapped,UNKNOWN,breast cancer,1,0.5730666,0.50429636,0.3765288,0.046457406
NCT02432417,2023.0,unmapped,UNKNOWN,glioblastoma,0,0.45383528,0.5424962,0.5844733,0.38770962
NCT05305040,2022.0,unmapped,UNKNOWN,cancer NOS,0,0.41154957,0.61500794,0.5574796,0.5294923
NCT04896320,2021.0,tucatinib,ERBB2,breast cancer,0,0.6478738,0.6421344,0.7238523,0.22548667
NCT03248427,2017.0,ribociclib,CDK4,breast cancer,0,0.5331013,0.5431635,0.5544263,0.15958042
NCT03348527,2017.0,unmapped,UNKNOWN,prostate cancer,1,0.42964768,0.6411811,0.8187385,0.79683465
NCT04495894,2020.0,unmapped,UNKNOWN,NSCLC,0,0.446087,0.53023326,0.6290398,0.23668006
NCT03738423,2018.0,unmapped,UNKNOWN,cancer NOS,1,0.42828974,0.61500794,0.54541427,0.58715177
NCT02855359,2016.0,rituximab,MS4A1,DLBCL,0,0.49989393,0.30268434,0.100204416,0.026124496
NCT04655183,2020.0,niraparib,PARP1,breast cancer,0,0.52262115,0.4077621,0.12298555,0.037994586
NCT05120622,2021.0,tremelimumab,CTLA4,bladder cancer,0,0.49415696,0.54307604,0.13805845,0.021249441
NCT02846766,2018.0,lenvatinib,VEGFR2,cancer NOS,0,0.5211906,0.43465254,0.767424,0.710366
NCT03364231,2017.0,unmapped,UNKNOWN,lymphoma,1,0.43822473,0.51462185,0.3860292,0.16936341
NCT05109442,2021.0,atezolizumab,CD274,solid tumors,0,0.57790726,0.5917681,0.6802802,0.11281561
NCT02609022,2016.0,unmapped,UNKNOWN,cancer NOS,1,0.44687328,0.61500794,0.5457935,0.53134274
NCT06425302,2024.0,rituximab,MS4A1,lymphoma,1,0.3802517,0.24846677,0.090239614,0.011013525
NCT04272645,2020.0,abemaciclib,CDK4,prostate cancer,0,0.49374685,0.53409773,0.7397268,0.84680724
NCT05590377,2023.0,unmapped,UNKNOWN,multiple myeloma,0,0.597225,0.5229621,0.6370202,0.65708154
NCT04251065,2020.0,unmapped,UNKNOWN,lymphoma,0,0.571907,0.51462185,0.85763353,0.92691267
NCT05317936,2022.0,venetoclax,BCL2,CLL,0,0.5102854,0.5105035,0.76359826,0.009905744
NCT03761056,2019.0,cyclophosphamide,DNA,lymphoma,1,0.5786795,0.28551435,0.40956256,0.012331261
NCT02757651,2017.0,unmapped,UNKNOWN,breast cancer,1,0.42798117,0.50429636,0.27848884,0.15949948
NCT04025567,2020.0,unmapped,UNKNOWN,hepatocellular carcinoma,0,0.45111713,0.55855376,0.6744674,0.5879555
NCT03057600,2017.0,paclitaxel,TUBB,TNBC,0,0.62076324,0.4072813,0.16113617,0.025119577
NCT03515707,2018.0,etoposide,TOP2A,AML,0,0.4222048,0.46654055,0.11671416,0.8148907
NCT03572634,2019.0,unmapped,UNKNOWN,CLL,0,0.53685653,0.55069226,0.41151243,0.029747533
NCT04337931,2019.0,unmapped,UNKNOWN,melanoma,0,0.59371245,0.53619784,0.87018555,0.97461987
NCT04916002,2021.0,unmapped,UNKNOWN,NSCLC,0,0.4648872,0.53023326,0.6118574,0.20552751
NCT07511972,2023.0,pembrolizumab,PDCD1,cancer NOS,0,0.43933344,0.6621471,0.5771679,0.5519395
NCT05858177,2019.0,temozolomide,DNA,glioma,1,0.4731909,0.4021344,0.15232293,0.8527927
NCT03670030,2018.0,unmapped,UNKNOWN,cancer NOS,0,0.42474195,0.61500794,0.53008133,0.32204583
NCT03430011,2018.0,unmapped,UNKNOWN,multiple myeloma,1,0.5812822,0.5229621,0.71552974,0.5192257
NCT03856099,2019.0,unmapped,UNKNOWN,glioblastoma,0,0.55584794,0.5424962,0.68208724,0.8618808
NCT06393751,2025.0,bevacizumab,VEGFA,ovarian cancer,0,0.46257302,0.4724278,0.30153874,0.052266866
NCT05027867,2021.0,unmapped,UNKNOWN,SCLC,0,0.5779827,0.54396915,0.7994407,0.1327476
NCT05120271,2022.0,unmapped,UNKNOWN,hepatocellular carcinoma,1,0.50054616,0.55855376,0.71051127,0.52184707
