primary_target,disease,family,n,k,raw_rate,posterior_mean,ci_lo,ci_hi,prior_alpha,prior_beta,own_data_weight
MS4A1,lymphoma,bcell_lymphoma_target,24,2,0.08333333333333333,0.09238656141449118,0.025903443650352933,0.18814613068407773,0.9233284936601529,6.719027806891773,0.7584770164408198
ERBB2,breast cancer,growth_factor_kinase,21,6,0.2857142857142857,0.26815777291046533,0.1355374956844602,0.4225803780440823,0.6025372726252013,3.019300837693942,0.8529013920857024
DNA,cancer nos,cytotoxic_chemo,19,1,0.05263157894736842,0.06077570613327285,0.005484260863711722,0.16281455758666954,0.25931056800784047,1.4613136440143757,0.9169607925699507
PDCD1,cancer nos,immune_checkpoint,18,1,0.05555555555555555,0.07849193362288286,0.012115362973741692,0.1879707913473775,0.7256650443404796,3.259588276484756,0.8187306162603886
EGFR,cancer nos,growth_factor_kinase,16,1,0.0625,0.0816711086706207,0.011341533388979745,0.19989493537221079,0.6025372726252013,3.019300837693942,0.8154180005993211
EGFR,colorectal cancer,growth_factor_kinase,12,0,0.0,0.03857019054801176,0.00038939290883731103,0.13586743438457727,0.6025372726252013,3.019300837693942,0.7681554446575205
CRBN,multiple myeloma,proteostasis_immunomodulatory,11,4,0.36363636363636365,0.321810804039364,0.15266066820311858,0.5156310773514623,1.4324021069242476,4.4483304189475525,0.6516304895620582
EGFR,nsclc,growth_factor_kinase,10,2,0.2,0.19105624744238187,0.05127880620449807,0.38356561697352076,0.6025372726252013,3.019300837693942,0.7341153168179674
TUBB,breast cancer,cytotoxic_chemo,10,4,0.4,0.3634030484177567,0.15542816851027016,0.5989390032115477,0.25931056800784047,1.4613136440143757,0.8531968792022768
VEGFA,cancer nos,angiogenesis,9,4,0.4444444444444444,0.3778379847207561,0.17122078534949173,0.6077952492864697,0.6705817555284743,2.6907528492500834,0.7280767237318245
CD274,cancer nos,immune_checkpoint,9,2,0.2222222222222222,0.20990464929699645,0.059482761585267635,0.4124490684149884,0.7256650443404796,3.259588276484756,0.6930939102717508
UNKNOWN,cancer nos,unmapped,9,5,0.5555555555555556,0.5087474220332543,0.2800826501384653,0.73570146465911,1.1575386604781213,1.9457927645126345,0.7435969225313412
VEGFR2,cancer nos,angiogenesis,9,3,0.3333333333333333,0.2969405709727756,0.11157491961750263,0.5209750853995143,0.6705817555284743,2.6907528492500834,0.7280767237318245
DNA,leukemia,cytotoxic_chemo,8,0,0.0,0.026676328839780876,7.17589770877229e-07,0.12753559477383414,0.25931056800784047,1.4613136440143757,0.8229924154567984
MS4A1,leukemia,bcell_lymphoma_target,8,0,0.0,0.05902745570547924,0.0026177344423443864,0.17618439452621554,0.9233284936601529,6.719027806891773,0.5114318997910646
PSMB5,multiple myeloma,proteostasis_immunomodulatory,8,3,0.375,0.31932047524601836,0.13623797440857316,0.5329773452860537,1.4324021069242476,4.4483304189475525,0.576338459450111
VEGFR2,renal cell carcinoma,angiogenesis,8,2,0.25,0.23505880677127777,0.06652435846668855,0.45831712773401023,0.6705817555284743,2.6907528492500834,0.7041426274546314
EGFR,hnscc,growth_factor_kinase,8,3,0.375,0.30997999098150175,0.11595011426039126,0.5425963404702889,0.6025372726252013,3.019300837693942,0.6883592701998423
BRAF,hepatocellular carcinoma,ras_mapk_pathway,7,2,0.2857142857142857,0.24831472955084416,0.07375393973964138,0.4754540969967727,0.7941963985407925,3.4584441660966005,0.6220762104495043
DNA,lymphoma,cytotoxic_chemo,7,0,0.0,0.02973532188789376,8.061808971727207e-07,0.14209209435340528,0.25931056800784047,1.4613136440143757,0.8026948335131595
ABL1,leukemia,growth_factor_kinase,7,0,0.0,0.0567262715141398,0.0005874975944323187,0.19772032670508988,0.6025372726252013,3.019300837693942,0.6590196468160706
DNA,multiple myeloma,cytotoxic_chemo,7,0,0.0,0.02973532188789376,8.061808971727207e-07,0.14209209435340528,0.25931056800784047,1.4613136440143757,0.8026948335131595
AR,prostate cancer,hormonal,7,2,0.2857142857142857,0.2173692387146954,0.0688283812950481,0.4121834862899108,1.0952191909505538,6.144234419194971,0.491591896125322
VEGFR2,colorectal cancer,angiogenesis,7,2,0.2857142857142857,0.25774495828914024,0.07409026961723042,0.49653027029030083,0.6705817555284743,2.6907528492500834,0.6755886444176469
VEGFA,colorectal cancer,angiogenesis,6,1,0.16666666666666666,0.17845551153312206,0.02852731108582935,0.40829810587677606,0.6705817555284743,2.6907528492500834,0.6409342527866976
UNKNOWN,ovarian cancer,unmapped,6,4,0.6666666666666666,0.566555079640348,0.300972436379471,0.814652121807475,1.1575386604781213,1.9457927645126345,0.6590993692186806
ESR1,breast cancer,hormonal,6,1,0.16666666666666666,0.15825571452170553,0.03319362316513208,0.3429538666051761,1.0952191909505538,6.144234419194971,0.4531909077729719
RRM1,cancer nos,cytotoxic_chemo,6,1,0.16666666666666666,0.16310994207526608,0.016221770247261316,0.41074142072739184,0.25931056800784047,1.4613136440143757,0.7771392357961243
VEGFA,ovarian cancer,angiogenesis,6,0,0.0,0.07163313606867244,0.0011627589187010812,0.23790422484491572,0.6705817555284743,2.6907528492500834,0.6409342527866976
CRBN,leukemia,proteostasis_immunomodulatory,6,1,0.16666666666666666,0.20473502804876587,0.0520010879352598,0.41549504618330707,1.4324021069242476,4.4483304189475525,0.5050193653408357
RRM1,pancreatic cancer,cytotoxic_chemo,6,0,0.0,0.03358673610924535,9.197081570439396e-07,0.16038345086996983,0.25931056800784047,1.4613136440143757,0.7771392357961243
CD274,nsclc,immune_checkpoint,6,2,0.3333333333333333,0.2729690431244078,0.08072125961875438,0.5189664657361157,0.7256650443404796,3.259588276484756,0.6008861074647355
PDCD1,nsclc,immune_checkpoint,6,1,0.16666666666666666,0.17282135854695185,0.0287609861295416,0.3929691702590471,0.7256650443404796,3.259588276484756,0.6008861074647355
UNKNOWN,leukemia,unmapped,5,3,0.6,0.5130653607053797,0.23809818918293418,0.7841545902702536,1.1575386604781213,1.9457927645126345,0.6170301741059177
EGFR,pancreatic cancer,growth_factor_kinase,5,1,0.2,0.18586956193334075,0.02817283553663432,0.42855284593439347,0.6025372726252013,3.019300837693942,0.5799227422300698
DNA,nsclc,cytotoxic_chemo,5,0,0.0,0.038584298098972965,1.0704117412065213e-06,0.18404825672954597,0.25931056800784047,1.4613136440143757,0.7439785118554507
PDCD1,lymphoma,immune_checkpoint,5,2,0.4,0.30334871450125633,0.09164821071867268,0.5670980018509136,0.7256650443404796,3.259588276484756,0.5564673383677938
DNA,breast cancer,cytotoxic_chemo,5,1,0.2,0.18738000047006315,0.019099654217240088,0.4641128045625041,0.25931056800784047,1.4613136440143757,0.7439785118554507
CYP17A1,prostate cancer,hormonal,5,0,0.0,0.08948268655086898,0.0062135362575614795,0.24721323518066676,1.0952191909505538,6.144234419194971,0.4085149680093073
PDCD1,hnscc,immune_checkpoint,5,2,0.4,0.30334871450125633,0.09164821071867268,0.5670980018509136,0.7256650443404796,3.259588276484756,0.5564673383677938
PDCD1,solid tumors,immune_checkpoint,5,1,0.2,0.19205524682769753,0.03248312853635744,0.43170476357127063,0.7256650443404796,3.259588276484756,0.5564673383677938
TUBB,cancer nos,cytotoxic_chemo,5,0,0.0,0.038584298098972965,1.0704117412065213e-06,0.18404825672954597,0.25931056800784047,1.4613136440143757,0.7439785118554507
CRBN,lymphoma,proteostasis_immunomodulatory,5,1,0.2,0.22355131891539223,0.0575387174327299,0.44914934634272735,1.4324021069242476,4.4483304189475525,0.4595278845529184
UNKNOWN,breast cancer,unmapped,4,2,0.5,0.4445151819003335,0.16669029081757827,0.7412278965180936,1.1575386604781213,1.9457927645126345,0.563116059308074
ABL1,cancer nos,growth_factor_kinase,4,0,0.0,0.07905406332488629,0.000845547371322658,0.27165232539343837,0.6025372726252013,3.019300837693942,0.5248077881088071
DNA,ovarian cancer,cytotoxic_chemo,4,0,0.0,0.0453290687164671,1.2800961847108143e-06,0.21583677138822724,0.25931056800784047,1.4613136440143757,0.6992243943578348
RRM1,nsclc,cytotoxic_chemo,4,1,0.25,0.2201351673059258,0.023220323636119797,0.5325365001770889,0.25931056800784047,1.4613136440143757,0.6992243943578348
VEGFA,nsclc,angiogenesis,4,0,0.0,0.09109513308811842,0.0015184937913433252,0.2986561466859897,0.6705817555284743,2.6907528492500834,0.5433797286436931
BRAF,cancer nos,ras_mapk_pathway,4,1,0.25,0.217408765653618,0.03956170025610746,0.4758553625172707,0.7941963985407925,3.4584441660966005,0.4846933498037005
PDCD1,melanoma,immune_checkpoint,4,1,0.25,0.21610648717179845,0.03731405687822005,0.4785905017471577,0.7256650443404796,3.259588276484756,0.5009233695276959
BRAF,melanoma,ras_mapk_pathway,4,0,0.0,0.09623542820269286,0.002882864497636966,0.2959671736300347,0.7941963985407925,3.4584441660966005,0.4846933498037005
DNA,hnscc,cytotoxic_chemo,4,2,0.5,0.39494126589538453,0.10845827580420325,0.7261660543812715,0.25931056800784047,1.4613136440143757,0.6992243943578348
BRAF,renal cell carcinoma,ras_mapk_pathway,4,0,0.0,0.09623542820269286,0.002882864497636966,0.2959671736300347,0.7941963985407925,3.4584441660966005,0.4846933498037005
DNA,gastric cancer,cytotoxic_chemo,4,1,0.25,0.2201351673059258,0.023220323636119797,0.5325365001770889,0.25931056800784047,1.4613136440143757,0.6992243943578348
TOP2A,lymphoma,cytotoxic_chemo,4,0,0.0,0.0453290687164671,1.2800961847108143e-06,0.21583677138822724,0.25931056800784047,1.4613136440143757,0.6992243943578348
CDK4,breast cancer,cell_cycle,4,1,0.25,0.18463182108312934,0.03524794982873193,0.40527196392172526,0.9035267611747109,5.406325300121156,0.38797840902260544
UNKNOWN,lymphoma,unmapped,4,4,1.0,0.7260732115543705,0.4339815252148275,0.9422025713839515,1.1575386604781213,1.9457927645126345,0.563116059308074
BTK,lymphoma,growth_factor_kinase,4,1,0.25,0.2102560103520881,0.032571273843564924,0.4773321244657629,0.6025372726252013,3.019300837693942,0.5248077881088071
TUBB,prostate cancer,cytotoxic_chemo,4,0,0.0,0.0453290687164671,1.2800961847108143e-06,0.21583677138822724,0.25931056800784047,1.4613136440143757,0.6992243943578348
TYMS,cancer nos,cytotoxic_chemo,4,0,0.0,0.0453290687164671,1.2800961847108143e-06,0.21583677138822724,0.25931056800784047,1.4613136440143757,0.6992243943578348
TNFRSF8,lymphoma,bcell_lymphoma_target,3,1,0.3333333333333333,0.1807239336236475,0.03483742149290458,0.3964092945064721,0.9233284936601529,6.719027806891773,0.28189246021056596
ERBB2,cancer nos,growth_factor_kinase,3,1,0.3333333333333333,0.24200792075056726,0.03860106593067808,0.5379497754610196,0.6025372726252013,3.019300837693942,0.4530464124945835
UNKNOWN,nsclc,unmapped,3,0,0.0,0.18965685784954311,0.01644961892156814,0.48136289347327793,1.1575386604781213,1.9457927645126345,0.491534834191729
KDR,cancer nos,angiogenesis,3,0,0.0,0.10541526223518276,0.0017926559982338378,0.342127811136286,0.6705817555284743,2.6907528492500834,0.4715991511822749
TOP2A,leukemia,cytotoxic_chemo,3,0,0.0,0.05493141507587983,1.5917148217619508e-06,0.2607268645258504,0.25931056800784047,1.4613136440143757,0.6355091753246894
PDCD1,pancreatic cancer,immune_checkpoint,3,0,0.0,0.10388528676219143,0.002339290230272227,0.3281528423845061,0.7256650443404796,3.259588276484756,0.42947619251775127
PDCD1,prostate cancer,immune_checkpoint,3,0,0.0,0.10388528676219143,0.002339290230272227,0.3281528423845061,0.7256650443404796,3.259588276484756,0.42947619251775127
ABL1,breast cancer,growth_factor_kinase,3,1,0.3333333333333333,0.24200792075056726,0.03860106593067808,0.5379497754610196,0.6025372726252013,3.019300837693942,0.4530464124945835
CTLA4,melanoma,immune_checkpoint,3,0,0.0,0.10388528676219143,0.002339290230272227,0.3281528423845061,0.7256650443404796,3.259588276484756,0.42947619251775127
CD274,bladder cancer,immune_checkpoint,3,1,0.3333333333333333,0.24704401760144185,0.04383751030711849,0.5362842615745362,0.7256650443404796,3.259588276484756,0.42947619251775127
VEGFA,breast cancer,angiogenesis,3,1,0.3333333333333333,0.2626149792959411,0.045252034892872335,0.5690858649610475,0.6705817555284743,2.6907528492500834,0.4715991511822749
VEGFA,endometrial cancer,angiogenesis,3,0,0.0,0.10541526223518276,0.0017926559982338378,0.342127811136286,0.6705817555284743,2.6907528492500834,0.4715991511822749
BCL2,lymphoma,bcell_lymphoma_target,3,1,0.3333333333333333,0.1807239336236475,0.03483742149290458,0.3964092945064721,0.9233284936601529,6.719027806891773,0.28189246021056596
VEGFR2,bladder cancer,angiogenesis,3,2,0.6666666666666666,0.4198146963566994,0.13634912654925313,0.7338885437053922,0.6705817555284743,2.6907528492500834,0.4715991511822749
BTK,leukemia,growth_factor_kinase,3,1,0.3333333333333333,0.24200792075056726,0.03860106593067808,0.5379497754610196,0.6025372726252013,3.019300837693942,0.4530464124945835
CYP19A1,breast cancer,hormonal,3,0,0.0,0.10696070636673242,0.007560629884936342,0.29233830471676214,1.0952191909505538,6.144234419194971,0.2929843831732896
EGFR,hepatocellular carcinoma,growth_factor_kinase,2,0,0.0,0.10717798357074998,0.0011954664012943249,0.3610275281378743,0.6025372726252013,3.019300837693942,0.3557555306206537
VEGFA,renal cell carcinoma,angiogenesis,2,0,0.0,0.1250773930302326,0.0021874970651416343,0.39999813837021486,0.6705817555284743,2.6907528492500834,0.37304144349009666
TYMS,nsclc,cytotoxic_chemo,2,1,0.5,0.33846755174540616,0.04087773192380137,0.7422329045384115,0.25931056800784047,1.4613136440143757,0.5375442092586312
MTOR,breast cancer,cell_cycle,2,0,0.0,0.10872958441498558,0.004809680759490725,0.3169709828901599,0.9035267611747109,5.406325300121156,0.24067817155436977
MTOR,cancer nos,cell_cycle,2,0,0.0,0.10872958441498558,0.004809680759490725,0.3169709828901599,0.9035267611747109,5.406325300121156,0.24067817155436977
MTOR,leukemia,cell_cycle,2,0,0.0,0.10872958441498558,0.004809680759490725,0.3169709828901599,0.9035267611747109,5.406325300121156,0.24067817155436977
CD274,lymphoma,immune_checkpoint,2,1,0.5,0.28831946650213763,0.053136214746227844,0.6084911208870883,0.7256650443404796,3.259588276484756,0.3341546118091864
BRAF,ovarian cancer,ras_mapk_pathway,2,0,0.0,0.12701775998967085,0.003956322514122842,0.38226191837072887,0.7941963985407925,3.4584441660966005,0.31986486018583177
VEGFR2,melanoma,angiogenesis,2,0,0.0,0.1250773930302326,0.0021874970651416343,0.39999813837021486,0.6705817555284743,2.6907528492500834,0.37304144349009666
TUBB,nsclc,cytotoxic_chemo,2,0,0.0,0.06969544711609056,2.103093072354302e-06,0.3286641677286417,0.25931056800784047,1.4613136440143757,0.5375442092586312
TUBB,melanoma,cytotoxic_chemo,2,0,0.0,0.06969544711609056,2.103093072354302e-06,0.3286641677286417,0.25931056800784047,1.4613136440143757,0.5375442092586312
TUBB,endometrial cancer,cytotoxic_chemo,2,0,0.0,0.06969544711609056,2.103093072354302e-06,0.3286641677286417,0.25931056800784047,1.4613136440143757,0.5375442092586312
CD274,breast cancer,immune_checkpoint,2,0,0.0,0.12124216059754447,0.002794698871023577,0.37818554879966276,0.7256650443404796,3.259588276484756,0.3341546118091864
PDCD1,breast cancer,immune_checkpoint,2,0,0.0,0.12124216059754447,0.002794698871023577,0.37818554879966276,0.7256650443404796,3.259588276484756,0.3341546118091864
PDCD1,hepatocellular carcinoma,immune_checkpoint,2,1,0.5,0.28831946650213763,0.053136214746227844,0.6084911208870883,0.7256650443404796,3.259588276484756,0.3341546118091864
BCL2,leukemia,bcell_lymphoma_target,2,0,0.0,0.09575755809887485,0.00442283964416278,0.2794381269645879,0.9233284936601529,6.719027806891773,0.20741818054218972
UNKNOWN,solid tumors,unmapped,2,1,0.5,0.4227706336909187,0.11392751257795801,0.7687194183489254,1.1575386604781213,1.9457927645126345,0.3919008650322221
PDCD1,gastric cancer,immune_checkpoint,2,1,0.5,0.28831946650213763,0.053136214746227844,0.6084911208870883,0.7256650443404796,3.259588276484756,0.3341546118091864
DNA,cervical cancer,cytotoxic_chemo,2,0,0.0,0.06969544711609056,2.103093072354302e-06,0.3286641677286417,0.25931056800784047,1.4613136440143757,0.5375442092586312
EGFR,breast cancer,growth_factor_kinase,2,0,0.0,0.10717798357074998,0.0011954664012943249,0.3610275281378743,0.6025372726252013,3.019300837693942,0.3557555306206537
DNA,pancreatic cancer,cytotoxic_chemo,2,0,0.0,0.06969544711609056,2.103093072354302e-06,0.3286641677286417,0.25931056800784047,1.4613136440143757,0.5375442092586312
UNKNOWN,renal cell carcinoma,unmapped,2,2,1.0,0.6187210662070298,0.2692587184204631,0.9113120624320642,1.1575386604781213,1.9457927645126345,0.3919008650322221
VEGFR2,prostate cancer,angiogenesis,2,1,0.5,0.31159811477528093,0.05626899952929443,0.6519485928988136,0.6705817555284743,2.6907528492500834,0.37304144349009666
PSMB5,nsclc,proteostasis_immunomodulatory,2,0,0.0,0.18176002068612132,0.023071419093629024,0.4344980067867728,1.4324021069242476,4.4483304189475525,0.253783514848926
ABL1,melanoma,growth_factor_kinase,2,1,0.5,0.2850557488810769,0.04738045712894415,0.6146814064836476,0.6025372726252013,3.019300837693942,0.3557555306206537
ERBB2,nsclc,growth_factor_kinase,2,0,0.0,0.10717798357074998,0.0011954664012943249,0.3610275281378743,0.6025372726252013,3.019300837693942,0.3557555306206537
UNKNOWN,melanoma,unmapped,2,2,1.0,0.6187210662070298,0.2692587184204631,0.9113120624320642,1.1575386604781213,1.9457927645126345,0.3919008650322221
DHFR,leukemia,cytotoxic_chemo,2,0,0.0,0.06969544711609056,2.103093072354302e-06,0.3286641677286417,0.25931056800784047,1.4613136440143757,0.5375442092586312
CYP17A1,cancer nos,hormonal,2,0,0.0,0.11853722494454991,0.008479874144907978,0.32160481104242106,1.0952191909505538,6.144234419194971,0.21646301657966757
UNKNOWN,hepatocellular carcinoma,unmapped,2,1,0.5,0.4227706336909187,0.11392751257795801,0.7687194183489254,1.1575386604781213,1.9457927645126345,0.3919008650322221
PSMB5,leukemia,proteostasis_immunomodulatory,2,0,0.0,0.18176002068612132,0.023071419093629024,0.4344980067867728,1.4324021069242476,4.4483304189475525,0.253783514848926
TOP1,cancer nos,cytotoxic_chemo,2,1,0.5,0.33846755174540616,0.04087773192380137,0.7422329045384115,0.25931056800784047,1.4613136440143757,0.5375442092586312
TOP2A,cancer nos,cytotoxic_chemo,2,0,0.0,0.06969544711609056,2.103093072354302e-06,0.3286641677286417,0.25931056800784047,1.4613136440143757,0.5375442092586312
KDR,gastric cancer,angiogenesis,2,0,0.0,0.1250773930302326,0.0021874970651416343,0.39999813837021486,0.6705817555284743,2.6907528492500834,0.37304144349009666
PDCD1,colorectal cancer,immune_checkpoint,2,0,0.0,0.12124216059754447,0.002794698871023577,0.37818554879966276,0.7256650443404796,3.259588276484756,0.3341546118091864
VEGFR2,leukemia,angiogenesis,1,0,0.0,0.15375608988903122,0.002805000751724694,0.4803467583873259,0.6705817555284743,2.6907528492500834,0.2292876127652155
VEGFR2,nsclc,angiogenesis,1,0,0.0,0.15375608988903122,0.002805000751724694,0.4803467583873259,0.6705817555284743,2.6907528492500834,0.2292876127652155
VEGFR2,hnscc,angiogenesis,1,0,0.0,0.15375608988903122,0.002805000751724694,0.4803467583873259,0.6705817555284743,2.6907528492500834,0.2292876127652155
VEGFR2,pancreatic cancer,angiogenesis,1,0,0.0,0.15375608988903122,0.002805000751724694,0.4803467583873259,0.6705817555284743,2.6907528492500834,0.2292876127652155
VEGFR2,solid tumors,angiogenesis,1,0,0.0,0.15375608988903122,0.002805000751724694,0.4803467583873259,0.6705817555284743,2.6907528492500834,0.2292876127652155
UNKNOWN,thyroid cancer,unmapped,1,1,1.0,0.5258017052529413,0.15735754642882552,0.8786679693006755,1.1575386604781213,1.9457927645126345,0.24370441878266091
TOP2A,prostate cancer,cytotoxic_chemo,1,0,0.0,0.09531289432107833,3.0946885701619083e-06,0.4422400077196057,0.25931056800784047,1.4613136440143757,0.367562706963013
UNKNOWN,colorectal cancer,unmapped,1,0,0.0,0.28209728647028043,0.02720528275953787,0.6649094150859913,1.1575386604781213,1.9457927645126345,0.24370441878266091
VEGFA,bladder cancer,angiogenesis,1,0,0.0,0.15375608988903122,0.002805000751724694,0.4803467583873259,0.6705817555284743,2.6907528492500834,0.2292876127652155
UNKNOWN,prostate cancer,unmapped,1,1,1.0,0.5258017052529413,0.15735754642882552,0.8786679693006755,1.1575386604781213,1.9457927645126345,0.24370441878266091
UNKNOWN,pancreatic cancer,unmapped,1,1,1.0,0.5258017052529413,0.15735754642882552,0.8786679693006755,1.1575386604781213,1.9457927645126345,0.24370441878266091
VEGFA,glioblastoma,angiogenesis,1,0,0.0,0.15375608988903122,0.002805000751724694,0.4803467583873259,0.6705817555284743,2.6907528492500834,0.2292876127652155
UNKNOWN,glioblastoma,unmapped,1,0,0.0,0.28209728647028043,0.02720528275953787,0.6649094150859913,1.1575386604781213,1.9457927645126345,0.24370441878266091
UNKNOWN,gastric cancer,unmapped,1,0,0.0,0.28209728647028043,0.02720528275953787,0.6649094150859913,1.1575386604781213,1.9457927645126345,0.24370441878266091
VEGFA,hepatocellular carcinoma,angiogenesis,1,0,0.0,0.15375608988903122,0.002805000751724694,0.4803467583873259,0.6705817555284743,2.6907528492500834,0.2292876127652155
VEGFA,lymphoma,angiogenesis,1,0,0.0,0.15375608988903122,0.002805000751724694,0.4803467583873259,0.6705817555284743,2.6907528492500834,0.2292876127652155
VEGFR2,endometrial cancer,angiogenesis,1,1,1.0,0.3830437026542467,0.0744361212157132,0.7575582862287622,0.6705817555284743,2.6907528492500834,0.2292876127652155
TYMS,pancreatic cancer,cytotoxic_chemo,1,0,0.0,0.09531289432107833,3.0946885701619083e-06,0.4422400077196057,0.25931056800784047,1.4613136440143757,0.367562706963013
VEGFA,melanoma,angiogenesis,1,0,0.0,0.15375608988903122,0.002805000751724694,0.4803467583873259,0.6705817555284743,2.6907528492500834,0.2292876127652155
TYMS,colorectal cancer,cytotoxic_chemo,1,1,1.0,0.46287560128409133,0.06610251911029046,0.8934831911189446,0.25931056800784047,1.4613136440143757,0.367562706963013
TYMS,breast cancer,cytotoxic_chemo,1,1,1.0,0.46287560128409133,0.06610251911029046,0.8934831911189446,0.25931056800784047,1.4613136440143757,0.367562706963013
TUBB,thyroid cancer,cytotoxic_chemo,1,0,0.0,0.09531289432107833,3.0946885701619083e-06,0.4422400077196057,0.25931056800784047,1.4613136440143757,0.367562706963013
TUBB,pancreatic cancer,cytotoxic_chemo,1,0,0.0,0.09531289432107833,3.0946885701619083e-06,0.4422400077196057,0.25931056800784047,1.4613136440143757,0.367562706963013
TUBB,ovarian cancer,cytotoxic_chemo,1,0,0.0,0.09531289432107833,3.0946885701619083e-06,0.4422400077196057,0.25931056800784047,1.4613136440143757,0.367562706963013
VEGFR2,breast cancer,angiogenesis,1,0,0.0,0.15375608988903122,0.002805000751724694,0.4803467583873259,0.6705817555284743,2.6907528492500834,0.2292876127652155
MTOR,hnscc,cell_cycle,1,0,0.0,0.12360397359594942,0.005563769353498814,0.35668708943819377,0.9035267611747109,5.406325300121156,0.13680167418090308
RRM1,lymphoma,cytotoxic_chemo,1,0,0.0,0.09531289432107833,3.0946885701619083e-06,0.4422400077196057,0.25931056800784047,1.4613136440143757,0.367562706963013
CRBN,cancer nos,proteostasis_immunomodulatory,1,1,1.0,0.3535091791140447,0.10040240010553239,0.6579446122694297,1.4324021069242476,4.4483304189475525,0.1453333633068811
EGFR,prostate cancer,growth_factor_kinase,1,0,0.0,0.1303674551646283,0.001507126996637496,0.43121460857449534,0.6025372726252013,3.019300837693942,0.21636413395079923
EGFR,glioblastoma,growth_factor_kinase,1,0,0.0,0.1303674551646283,0.001507126996637496,0.43121460857449534,0.6025372726252013,3.019300837693942,0.21636413395079923
EGFR,gastric cancer,growth_factor_kinase,1,0,0.0,0.1303674551646283,0.001507126996637496,0.43121460857449534,0.6025372726252013,3.019300837693942,0.21636413395079923
DNA,prostate cancer,cytotoxic_chemo,1,0,0.0,0.09531289432107833,3.0946885701619083e-06,0.4422400077196057,0.25931056800784047,1.4613136440143757,0.367562706963013
DNA,melanoma,cytotoxic_chemo,1,1,1.0,0.46287560128409133,0.06610251911029046,0.8934831911189446,0.25931056800784047,1.4613136440143757,0.367562706963013
DNA,hepatocellular carcinoma,cytotoxic_chemo,1,1,1.0,0.46287560128409133,0.06610251911029046,0.8934831911189446,0.25931056800784047,1.4613136440143757,0.367562706963013
DNA,glioblastoma,cytotoxic_chemo,1,0,0.0,0.09531289432107833,3.0946885701619083e-06,0.4422400077196057,0.25931056800784047,1.4613136440143757,0.367562706963013
DNA,endometrial cancer,cytotoxic_chemo,1,0,0.0,0.09531289432107833,3.0946885701619083e-06,0.4422400077196057,0.25931056800784047,1.4613136440143757,0.367562706963013
DNA,colorectal cancer,cytotoxic_chemo,1,1,1.0,0.46287560128409133,0.06610251911029046,0.8934831911189446,0.25931056800784047,1.4613136440143757,0.367562706963013
CTLA4,prostate cancer,immune_checkpoint,1,0,0.0,0.14556232103775146,0.0034700370534185283,0.44555925110758554,0.7256650443404796,3.259588276484756,0.20059161202954975
CTLA4,nsclc,immune_checkpoint,1,0,0.0,0.14556232103775146,0.0034700370534185283,0.44555925110758554,0.7256650443404796,3.259588276484756,0.20059161202954975
CTLA4,hepatocellular carcinoma,immune_checkpoint,1,0,0.0,0.14556232103775146,0.0034700370534185283,0.44555925110758554,0.7256650443404796,3.259588276484756,0.20059161202954975
CRBN,hepatocellular carcinoma,proteostasis_immunomodulatory,1,0,0.0,0.20817581580716363,0.02709951552292811,0.4889675008586829,1.4324021069242476,4.4483304189475525,0.1453333633068811
CRBN,bladder cancer,proteostasis_immunomodulatory,1,0,0.0,0.20817581580716363,0.02709951552292811,0.4889675008586829,1.4324021069242476,4.4483304189475525,0.1453333633068811
ERBB2,colorectal cancer,growth_factor_kinase,1,0,0.0,0.1303674551646283,0.001507126996637496,0.43121460857449534,0.6025372726252013,3.019300837693942,0.21636413395079923
CDK4,hnscc,cell_cycle,1,0,0.0,0.12360397359594942,0.005563769353498814,0.35668708943819377,0.9035267611747109,5.406325300121156,0.13680167418090308
CD274,solid tumors,immune_checkpoint,1,0,0.0,0.14556232103775146,0.0034700370534185283,0.44555925110758554,0.7256650443404796,3.259588276484756,0.20059161202954975
CD274,pancreatic cancer,immune_checkpoint,1,0,0.0,0.14556232103775146,0.0034700370534185283,0.44555925110758554,0.7256650443404796,3.259588276484756,0.20059161202954975
CD274,leukemia,immune_checkpoint,1,0,0.0,0.14556232103775146,0.0034700370534185283,0.44555925110758554,0.7256650443404796,3.259588276484756,0.20059161202954975
BTK,solid tumors,growth_factor_kinase,1,0,0.0,0.1303674551646283,0.001507126996637496,0.43121460857449534,0.6025372726252013,3.019300837693942,0.21636413395079923
BTK,cancer nos,growth_factor_kinase,1,0,0.0,0.1303674551646283,0.001507126996637496,0.43121460857449534,0.6025372726252013,3.019300837693942,0.21636413395079923
BRAF,endometrial cancer,ras_mapk_pathway,1,0,0.0,0.151199456495767,0.004861120076486925,0.4467218724239616,0.7941963985407925,3.4584441660966005,0.1903804358387567
ABL1,prostate cancer,growth_factor_kinase,1,0,0.0,0.1303674551646283,0.001507126996637496,0.43121460857449534,0.6025372726252013,3.019300837693942,0.21636413395079923
ABL1,pancreatic cancer,growth_factor_kinase,1,0,0.0,0.1303674551646283,0.001507126996637496,0.43121460857449534,0.6025372726252013,3.019300837693942,0.21636413395079923
ABL1,ovarian cancer,growth_factor_kinase,1,0,0.0,0.1303674551646283,0.001507126996637496,0.43121460857449534,0.6025372726252013,3.019300837693942,0.21636413395079923
ABL1,lymphoma,growth_factor_kinase,1,0,0.0,0.1303674551646283,0.001507126996637496,0.43121460857449534,0.6025372726252013,3.019300837693942,0.21636413395079923
ABL1,hepatocellular carcinoma,growth_factor_kinase,1,0,0.0,0.1303674551646283,0.001507126996637496,0.43121460857449534,0.6025372726252013,3.019300837693942,0.21636413395079923
ABL1,gastric cancer,growth_factor_kinase,1,0,0.0,0.1303674551646283,0.001507126996637496,0.43121460857449534,0.6025372726252013,3.019300837693942,0.21636413395079923
EGFR,solid tumors,growth_factor_kinase,1,0,0.0,0.1303674551646283,0.001507126996637496,0.43121460857449534,0.6025372726252013,3.019300837693942,0.21636413395079923
ERBB2,gastric cancer,growth_factor_kinase,1,1,1.0,0.34673158911542756,0.06136048402250709,0.7130924453496369,0.6025372726252013,3.019300837693942,0.21636413395079923
RRM1,bladder cancer,cytotoxic_chemo,1,0,0.0,0.09531289432107833,3.0946885701619083e-06,0.4422400077196057,0.25931056800784047,1.4613136440143757,0.367562706963013
PARP1,breast cancer,dna_damage_repair,1,0,0.0,0.17744439469894108,0.019775478449456402,0.43511132171676314,1.3301320779051564,5.165918051837793,0.13340359024977486
PDCD1,thyroid cancer,immune_checkpoint,1,0,0.0,0.14556232103775146,0.0034700370534185283,0.44555925110758554,0.7256650443404796,3.259588276484756,0.20059161202954975
PDCD1,renal cell carcinoma,immune_checkpoint,1,0,0.0,0.14556232103775146,0.0034700370534185283,0.44555925110758554,0.7256650443404796,3.259588276484756,0.20059161202954975
PDCD1,ovarian cancer,immune_checkpoint,1,0,0.0,0.14556232103775146,0.0034700370534185283,0.44555925110758554,0.7256650443404796,3.259588276484756,0.20059161202954975
PDCD1,leukemia,immune_checkpoint,1,0,0.0,0.14556232103775146,0.0034700370534185283,0.44555925110758554,0.7256650443404796,3.259588276484756,0.20059161202954975
PDCD1,endometrial cancer,immune_checkpoint,1,0,0.0,0.14556232103775146,0.0034700370534185283,0.44555925110758554,0.7256650443404796,3.259588276484756,0.20059161202954975
PDCD1,cervical cancer,immune_checkpoint,1,0,0.0,0.14556232103775146,0.0034700370534185283,0.44555925110758554,0.7256650443404796,3.259588276484756,0.20059161202954975
PDCD1,bladder cancer,immune_checkpoint,1,1,1.0,0.34615393306730124,0.06747443166291417,0.7000401993800545,0.7256650443404796,3.259588276484756,0.20059161202954975
PARP1,prostate cancer,dna_damage_repair,1,0,0.0,0.17744439469894108,0.019775478449456402,0.43511132171676314,1.3301320779051564,5.165918051837793,0.13340359024977486
PARP1,ovarian cancer,dna_damage_repair,1,0,0.0,0.17744439469894108,0.019775478449456402,0.43511132171676314,1.3301320779051564,5.165918051837793,0.13340359024977486
PARP1,leukemia,dna_damage_repair,1,1,1.0,0.31084798494871596,0.08193883232480345,0.6001725423492906,1.3301320779051564,5.165918051837793,0.13340359024977486
PARP1,hnscc,dna_damage_repair,1,0,0.0,0.17744439469894108,0.019775478449456402,0.43511132171676314,1.3301320779051564,5.165918051837793,0.13340359024977486
PARP1,endometrial cancer,dna_damage_repair,1,0,0.0,0.17744439469894108,0.019775478449456402,0.43511132171676314,1.3301320779051564,5.165918051837793,0.13340359024977486
PARP1,cancer nos,dna_damage_repair,1,1,1.0,0.31084798494871596,0.08193883232480345,0.6001725423492906,1.3301320779051564,5.165918051837793,0.13340359024977486
MTOR,prostate cancer,cell_cycle,1,0,0.0,0.12360397359594942,0.005563769353498814,0.35668708943819377,0.9035267611747109,5.406325300121156,0.13680167418090308
ERBB2,ovarian cancer,growth_factor_kinase,1,0,0.0,0.1303674551646283,0.001507126996637496,0.43121460857449534,0.6025372726252013,3.019300837693942,0.21636413395079923
MTOR,melanoma,cell_cycle,1,0,0.0,0.12360397359594942,0.005563769353498814,0.35668708943819377,0.9035267611747109,5.406325300121156,0.13680167418090308
MTOR,glioblastoma,cell_cycle,1,0,0.0,0.12360397359594942,0.005563769353498814,0.35668708943819377,0.9035267611747109,5.406325300121156,0.13680167418090308
MS4A1,multiple myeloma,bcell_lymphoma_target,1,0,0.0,0.1068375870595831,0.004997122668625547,0.3095225115774297,0.9233284936601529,6.719027806891773,0.11570918453525655
MET,renal cell carcinoma,growth_factor_kinase,1,0,0.0,0.1303674551646283,0.001507126996637496,0.43121460857449534,0.6025372726252013,3.019300837693942,0.21636413395079923
MET,endometrial cancer,growth_factor_kinase,1,0,0.0,0.1303674551646283,0.001507126996637496,0.43121460857449534,0.6025372726252013,3.019300837693942,0.21636413395079923
KRAS,nsclc,ras_mapk_pathway,1,1,1.0,0.3415798923345237,0.06957361099258536,0.6869253052476894,0.7941963985407925,3.4584441660966005,0.1903804358387567
KDR,colorectal cancer,angiogenesis,1,0,0.0,0.15375608988903122,0.002805000751724694,0.4803467583873259,0.6705817555284743,2.6907528492500834,0.2292876127652155
KDR,breast cancer,angiogenesis,1,0,0.0,0.15375608988903122,0.002805000751724694,0.4803467583873259,0.6705817555284743,2.6907528492500834,0.2292876127652155
JAK1,pancreatic cancer,growth_factor_kinase,1,0,0.0,0.1303674551646283,0.001507126996637496,0.43121460857449534,0.6025372726252013,3.019300837693942,0.21636413395079923
JAK1,lymphoma,growth_factor_kinase,1,0,0.0,0.1303674551646283,0.001507126996637496,0.43121460857449534,0.6025372726252013,3.019300837693942,0.21636413395079923
JAK1,breast cancer,growth_factor_kinase,1,1,1.0,0.34673158911542756,0.06136048402250709,0.7130924453496369,0.6025372726252013,3.019300837693942,0.21636413395079923
ESR1,bladder cancer,hormonal,1,0,0.0,0.132923764459572,0.009653626430463679,0.3572629160006345,1.0952191909505538,6.144234419194971,0.12136727109776617
ERBB2,prostate cancer,growth_factor_kinase,1,0,0.0,0.1303674551646283,0.001507126996637496,0.43121460857449534,0.6025372726252013,3.019300837693942,0.21636413395079923
VEGFR2,thyroid cancer,angiogenesis,1,0,0.0,0.15375608988903122,0.002805000751724694,0.4803467583873259,0.6705817555284743,2.6907528492500834,0.2292876127652155
