nct_id,title,status,canonical_drug,primary_target,disease,start_year,trial_url,reviewer,primary_endpoint,endpoint_met_yes_no_unclear,effect_direction,evidence_url,evidence_date,notes
NCT00003270,Cord Blood Transplantation for Hematologic Malignancies and Bone Marrow Failure Syndromes,COMPLETED,cyclophosphamide,DNA,multiple myeloma,1997.0,https://clinicaltrials.gov/study/NCT00003270,,,,,,,
NCT00003631,High-Dose Chemo-Radiotherapy for Patients With Primary Refractory and Relapsed Hodgkin's Disease,COMPLETED,carboplatin,DNA,lymphoma,1998.0,https://clinicaltrials.gov/study/NCT00003631,,,,,,,
NCT00004092,"Randomized Phase II Study of Adriamycin/Cytoxan/Taxol (ACT) vs. Cytoxan, Thiotepa, Carboplatin (STAMP V) in Patients With High-Risk Primary Breast Cancer",COMPLETED,carboplatin,DNA,breast cancer,1999.0,https://clinicaltrials.gov/study/NCT00004092,,,,,,,
NCT00039195,Risk-Adapted Therapy for Patients With Untreated Age-Adjusted International Prognostic Index II or III Diffuse Large B Cell Lymphoma,COMPLETED,rituximab,MS4A1,lymphoma,2006.0,https://clinicaltrials.gov/study/NCT00039195,,,,,,,
NCT00045110,A Phase I/II Trial of OSI-774 in Patients With Recurrent Malignant Gliomas and Malignant Gliomas Post Radiation Therapy,COMPLETED,erlotinib,EGFR,glioblastoma,2002.0,https://clinicaltrials.gov/study/NCT00045110,,,,,,,
NCT00057837,"A Randomized Phase II Study: Sequencing Topoisomerase Inhibitors for Extensive Stage Small Cell Lung Cancer (SCLC): Topotecan Sequenced With Etoposide/Cisplatin, and Irinotecan/Cisplatin Sequenced With Etoposide",COMPLETED,cisplatin,DNA,cancer nos,2004.0,https://clinicaltrials.gov/study/NCT00057837,,,,,,,
NCT00066677,Phase II and Coagulation Study of rhuMAb-VEGF With or Without Docetaxel in Patients With Previously Treated Metastatic Pancreatic Adenocarcinoma,TERMINATED,docetaxel,TUBB,pancreatic cancer,2003.0,https://clinicaltrials.gov/study/NCT00066677,,,,,,,
NCT00081861,A Phase II Study of Avastin Plus Rituximab for Patients With Relapsed and Chemotherapy- or Rituxan-Refractory Aggressive B-Cell Non-Hodgkin's Lymphoma,COMPLETED,avastin,VEGFA,lymphoma,2004.0,https://clinicaltrials.gov/study/NCT00081861,,,,,,,
NCT00095680,"A 24-week, Open-label Extension Study of the Efficacy, Safety, and Tolerability of Oral SCIO-469 in Treatment of Relapsed Refractory Patients With Multiple Myeloma",COMPLETED,bortezomib,PSMB5,multiple myeloma,2004.0,https://clinicaltrials.gov/study/NCT00095680,,,,,,,
NCT00096018,A Phase I/II Study of Fludarabine Plus Thalidomide as Frontline Therapy for Newly Diagnosed Patients With Chronic Lymphocytic Leukemia,COMPLETED,thalidomide,CRBN,leukemia,2002.0,https://clinicaltrials.gov/study/NCT00096018,,,,,,,
NCT00112827,Tandem High-Dose Therapy With Melphalan and Total Marrow Irradiation (TMI) With Peripheral Blood Progenitor Cell Support and Lenalidomide Maintenance in Multiple Myeloma: A Phase I/II Trial,COMPLETED,lenalidomide,CRBN,multiple myeloma,2004.0,https://clinicaltrials.gov/study/NCT00112827,,,,,,,
NCT00117351,"A Multicenter, Open-Label, Phase 2 Study of VELCADE (Bortezomib) for Injection in Previously Treated Patients With Stage IIIB and IV Bronchioloalveolar Carcinoma and Adenocarcinoma With Bronchioloalveolar Features",TERMINATED,unmapped,UNKNOWN,cancer nos,2005.0,https://clinicaltrials.gov/study/NCT00117351,,,,,,,
NCT00125359,A Phase II Clinical Study of Erlotinib (Tarceva) and Bexarotene (Targretin) Oral Capsules in Patients With Advanced Non-small Cell Lung Cancer,COMPLETED,erlotinib,EGFR,cancer nos,2005.0,https://clinicaltrials.gov/study/NCT00125359,,,,,,,
NCT00134082,"Pilot Study of Rituximab, High Dose Cyclophosphamide, and GM-CSF Based Immunotherapy for Relapsed Hodgkin's Lymphoma",COMPLETED,rituximab,MS4A1,lymphoma,2005.0,https://clinicaltrials.gov/study/NCT00134082,,,,,,,
NCT00176605,A Phase II Trial of Metronomic Dosing of Etoposide and Cyclophosphamide in Patients With Stage D0 Prostate Cancer.,COMPLETED,etoposide,TOP2A,prostate cancer,2005.0,https://clinicaltrials.gov/study/NCT00176605,,,,,,,
NCT00201240,"A Phase 2 Single Arm Trial of HLA-Matched Transplants, CD34+ Enriched, T-Cell Depleted Peripheral Blood Stem Cells Isolated by CliniMACS System in the Treatment of Patients With AML in 1st or 2nd Morphologic Complete Remission (BMTCTN0303)",COMPLETED,unmapped,UNKNOWN,leukemia,2005.0,https://clinicaltrials.gov/study/NCT00201240,,,,,,,
NCT00234052,Phase II Trial of Carboplatin and Pemetrexed Plus Bevacizumab in Patients With Advanced Non-Squamous Non-Small Cell Lung Cancer,COMPLETED,bevacizumab,VEGFA,cancer nos,2005.0,https://clinicaltrials.gov/study/NCT00234052,,,,,,,
NCT00244985,A Phase I/II Pilot Study of the Safety and Efficacy of Rituxan (Chimeric Anti-CD20 Antibody) in Combination With Doxil (Liposomal Doxorubicin) Chemotherapy in Patients With Relapsing or Refractory Indolent or Aggressive B-Cell Lymphoma,COMPLETED,rituximab,MS4A1,lymphoma,2005.0,https://clinicaltrials.gov/study/NCT00244985,,,,,,,
NCT00253370,A Phase II Study to Evaluate Overall Response Rate of BAY 43-9006 (Sorafenib) Combined With Docetaxel and Cisplatin or Oxaliplatin in the Treatment of Metastatic or Advanced Unresectable Gastric and Gastroesophageal Junction (GEJ) Adenocarcinoma,COMPLETED,cisplatin,DNA,gastric cancer,2005.0,https://clinicaltrials.gov/study/NCT00253370,,,,,,,
NCT00271609,A Phase II Trial of Bevacizumab for Patients With Recurrent High-Grade Gliomas,COMPLETED,bevacizumab,VEGFA,cancer nos,2005.0,https://clinicaltrials.gov/study/NCT00271609,,,,,,,
NCT00313560,Phase II Study of Erlotinib (TarcevaTM) Combined With Chemoradiation and Adjuvant Chemotherapy in Patients With Resectable Pancreatic Cancer,COMPLETED,erlotinib,EGFR,pancreatic cancer,2006.0,https://clinicaltrials.gov/study/NCT00313560,,,,,,,
NCT00329641,Phase II Trial of BAY 43-9006 (Sorafenib; NSC-724772) in Combination With Carboplatin and Paclitaxel in Patients With Metastatic Uveal Melanoma,COMPLETED,sorafenib,BRAF,melanoma,2011.0,https://clinicaltrials.gov/study/NCT00329641,,,,,,,
NCT00346645,A Phase II Study of Velcade® (Bortezomib) in Patients Stage IIIB OR IV Non-Small Cell Lung Cancer (NSCLC) Who Have Not Received Prior Chemotherapy,TERMINATED,unmapped,UNKNOWN,nsclc,2006.0,https://clinicaltrials.gov/study/NCT00346645,,,,,,,
NCT00357149,Randomized Phase II Trial of Neoadjuvant Docetaxel Plus Cisplatin and 5-fluorouracil Followed by Concomitant Chemoradiotherapy and Chemoradiotherapy Alone in Patients With Locally Advanced Squamous Cell Carcinoma of the Head and Neck.,COMPLETED,cisplatin,DNA,hnscc,2003.0,https://clinicaltrials.gov/study/NCT00357149,,,,,,,
NCT00371254,Phase II Study of Dasatinib (BMS-354825) for Advanced 'Triple-negative' Breast Cancer,COMPLETED,dasatinib,ABL1,breast cancer,2006.0,https://clinicaltrials.gov/study/NCT00371254,,,,,,,
NCT00374868,"Phase 1/2 Study of Biweekly ALIMTA Plus Cisplatin in Patients With Locally, Advanced, Non-Resectable or Metastatic Urothelial Cancer",COMPLETED,cisplatin,DNA,cancer nos,2006.0,https://clinicaltrials.gov/study/NCT00374868,,,,,,,
NCT00387959,A Non-Myeloablative Conditioning Regimen With Peri-Transplant Rituximab and the Transplantation of Unrelated Donor Umbilical Cord Blood in Patients With B Cell Lymphoid Malignancies,COMPLETED,rituximab,MS4A1,leukemia,2006.0,https://clinicaltrials.gov/study/NCT00387959,,,,,,,
NCT00390611,A Randomized Phase II Study of Paclitaxel/Carboplatin With or Without Sorafenib in the First-Line Treatment of Patients With Stage III/IV Epithelial Ovarian Cancer,COMPLETED,sorafenib,BRAF,ovarian cancer,2006.0,https://clinicaltrials.gov/study/NCT00390611,,,,,,,
NCT00399529,"A Feasibility Study of Combination Therapy With Trastuzumab, Cyclophosphamide, and an Allogeneic GM-CSF-secreting Breast Tumor Vaccine for HER-2/Neu-Overexpressing Metastatic Breast Cancer.",COMPLETED,trastuzumab,ERBB2,breast cancer,2006.0,https://clinicaltrials.gov/study/NCT00399529,,,,,,,
NCT00400569,Phase II Open-Label Study of Sunitinib Malate (SU011248) in Adult Patients With Metastatic and/or Surgically Unresectable Soft Tissue Sarcoma,COMPLETED,sunitinib,VEGFR2,cancer nos,2006.0,https://clinicaltrials.gov/study/NCT00400569,,,,,,,
NCT00403403,"A Placebo-Controlled, Double-Blind, Multicenter, Randomized, Phase II Study of Bevacizumab in Previously Untreated Extensive-Stage Small Cell Lung Cancer",COMPLETED,bevacizumab,VEGFA,cancer nos,2007.0,https://clinicaltrials.gov/study/NCT00403403,,,,,,,
NCT00408070,"Phase 2 Study of Bevacizumab in Combination With Carboplatin and Paclitaxel in Patients With Ovarian, Fallopian Tube or Primary Peritoneal Carcinoma",TERMINATED,bevacizumab,VEGFA,ovarian cancer,2006.0,https://clinicaltrials.gov/study/NCT00408070,,,,,,,
NCT00408603,"A Phase 2 Open-Label, Multicenter Study of SNS-595 Injection in Patients With Platinum-Resistant Ovarian Cancer",COMPLETED,unmapped,UNKNOWN,ovarian cancer,2006.0,https://clinicaltrials.gov/study/NCT00408603,,,,,,,
NCT00409565,A Phase II Trial of Cetuximab and Bevacizumab in Patients With Recurrent or Metastatic Head and Neck Cancer,COMPLETED,cetuximab,EGFR,hnscc,2006.0,https://clinicaltrials.gov/study/NCT00409565,,,,,,,
NCT00410813,Phase II Studies of Two Different Schedules of Dasatinib (NSC-732517) in Bone Metastasis Predominant Metastatic Breast Cancer,COMPLETED,dasatinib,ABL1,breast cancer,2007.0,https://clinicaltrials.gov/study/NCT00410813,,,,,,,
NCT00439517,"A Randomized, Open-label Phase II Study Evaluating the Efficacy and Safety of FOLFOX-4 Plus Cetuximab Versus UFOX Plus Cetuximab as First-line Therapy in Subjects With Metastatic Colorectal Cancer.",COMPLETED,cetuximab,EGFR,colorectal cancer,2007.0,https://clinicaltrials.gov/study/NCT00439517,,,,,,,
NCT00459108,A Phase II Trial of Dasatinib (BMS-354825) in Advanced Hepatocellular Carcinoma,TERMINATED,dasatinib,ABL1,hepatocellular carcinoma,2007.0,https://clinicaltrials.gov/study/NCT00459108,,,,,,,
NCT00467142,"Phase II Study Evaluating the Efficacy and Tolerance to Chemotherapy With 5-fluorouracil, Folinic Acid, Irinotecan and Bevacizumab as First-line Treatment in Patients With Metastatic Colorectal Cancer",COMPLETED,bevacizumab,VEGFA,colorectal cancer,2007.0,https://clinicaltrials.gov/study/NCT00467142,,,,,,,
NCT00468585,"A Multicenter, Phase I/II Study of Every Other Week Capecitabine Dosing With Bevacizumab for the Treatment of Metastatic Breast Cancer Based Upon the Norton-Simon Mathematical Model",COMPLETED,bevacizumab,VEGFA,breast cancer,2005.0,https://clinicaltrials.gov/study/NCT00468585,,,,,,,
NCT00483405,"Phase II Study of Oxaliplatin, Capecitabine, and Cetuximab in Advanced Hepatocellular Carcinoma",COMPLETED,cetuximab,EGFR,hepatocellular carcinoma,2006.0,https://clinicaltrials.gov/study/NCT00483405,,,,,,,
NCT00510653,"A Phase II Study of Gleevec in Patients With Recurrent Platinum-Resistant, Taxane-Resistant Epithelial Ovarian Cancer, Primary Peritoneal Cancer, or Fallopian Tube Cancer",COMPLETED,imatinib,ABL1,ovarian cancer,2002.0,https://clinicaltrials.gov/study/NCT00510653,,,,,,,
NCT00516841,"A Phase 2, Single-Arm Study of Volociximab Monotherapy in Subjects With Platinum-Resistant Advanced Epithelial Ovarian Cancer or Primary Peritoneal Cancer",TERMINATED,unmapped,UNKNOWN,ovarian cancer,2007.0,https://clinicaltrials.gov/study/NCT00516841,,,,,,,
NCT00520403,An Open-label Study to Assess the Effect of First-line Treatment With Avastin in Combination With Standard Therapy on Progression-free Survival in Patients With Metastatic Renal Cell Cancer.,COMPLETED,bevacizumab,VEGFA,renal cell carcinoma,2007.0,https://clinicaltrials.gov/study/NCT00520403,,,,,,,
NCT00537095,"A Randomized, Double Blind, Placebo-controlled Phase II, Multi-Centre Study to Assess the Efficacy and Safety of Vandetanib (ZD6474) in Patients With Locally Advanced or Metastatic Papillary or Follicular Thyroid Carcinoma Failing or Unsuitable for Radioiodine Therapy",COMPLETED,unmapped,UNKNOWN,thyroid cancer,2007.0,https://clinicaltrials.gov/study/NCT00537095,,,,,,,
NCT00578864,PEPI: Protracted Etoposide in a Phase II Upfront Window for Induction Therapy for High Risk Neuroblastoma,COMPLETED,cisplatin,DNA,cancer nos,2007.0,https://clinicaltrials.gov/study/NCT00578864,,,,,,,
NCT00598507,Phase II Trial Of ZK-EPO (ZK 219477) (Sagopilone) In Metastatic Melanoma,COMPLETED,unmapped,UNKNOWN,melanoma,2007.0,https://clinicaltrials.gov/study/NCT00598507,,,,,,,
NCT00612586,"A Double-Blind, Randomized, Placebo-Controlled, Phase 2 Study of Enzastaurin With 5-FU/LV Plus Bevacizumab as Maintenance Regimen Following First Line Therapy for Metastatic Colorectal Cancer",COMPLETED,bevacizumab,VEGFA,colorectal cancer,2008.0,https://clinicaltrials.gov/study/NCT00612586,,,,,,,
NCT00679783,"Phase II, Open Label, Non-Randomized Study of AZD2281 in the Treatment of Patients With Known BRCA or Recurrent High Grade Serous/ Undifferentiated Tubo-Ovarian Carcinoma and in Known BRCA or Triple Negative Breast Cancer to Determine Response Rate and Correlative Markers of Response",COMPLETED,unmapped,UNKNOWN,ovarian cancer,2008.0,https://clinicaltrials.gov/study/NCT00679783,,,,,,,
NCT00691301,"A Limited Access Phase II Trial of Pemetrexed (Alimta, LY231514) (NSC #698037) in Combination With Cisplatin (NSC #119875) in the Treatment of Advanced, Persistent, or Recurrent Carcinoma of the Cervix",COMPLETED,cisplatin,DNA,cervical cancer,2008.0,https://clinicaltrials.gov/study/NCT00691301,,,,,,,
NCT00710970,H-16848 - Phase II Pilot Study With Correlative Markers of Tamoxifen for Progressive Transitional Cell Carcinoma Following Previous Chemotherapy,COMPLETED,tamoxifen,ESR1,bladder cancer,2007.0,https://clinicaltrials.gov/study/NCT00710970,,,,,,,
NCT00723099,Transplantation of Umbilical Cord Blood in Patients With Hematological Malignancies Using a Reduced-Intensity Preparative Regimen (A Multi-Center Trial Coordinated by the FHCRC),COMPLETED,cyclophosphamide,DNA,lymphoma,2008.0,https://clinicaltrials.gov/study/NCT00723099,,,,,,,
NCT00744900,A Phase II Trial With Pemetrexed Plus Cisplatin as First Line Chemotherapy for Advanced Non - Small Cell Lung Cancer (NSCLC) Patients With Measurable Asymptomatic Brain Metastasis (GFPC 07-01/METAL).,COMPLETED,cisplatin,DNA,cancer nos,2008.0,https://clinicaltrials.gov/study/NCT00744900,,,,,,,
NCT00767819,"Multicenter, Triple-arm, Single-stage, Phase II Trial to Determine the Preliminary Efficacy and Safety of RAD001 in Patients With Histological Evidence of Progressive or Metastatic Bone or Soft Tissue Sarcomas",COMPLETED,everolimus,MTOR,cancer nos,2008.0,https://clinicaltrials.gov/study/NCT00767819,,,,,,,
NCT00788957,"A Randomized, Phase 1b/2 Trial of AMG 102 or AMG 479 in Combination With Panitumumab Versus Panitumumab Alone in Subject With Wild-Type KRAS Metastatic Colorectal Cancer",COMPLETED,panitumumab,EGFR,colorectal cancer,2008.0,https://clinicaltrials.gov/study/NCT00788957,,,,,,,
NCT00813293,"Randomized, Double-Blind, Placebo-Controlled, Phase II Trial Of Short Course Sorafenib Therapy Prior to Radiofrequency Ablation for Intermediate Sized (3.5 to 7cm) Hepatocellular Cancer",COMPLETED,sorafenib,BRAF,hepatocellular carcinoma,2009.0,https://clinicaltrials.gov/study/NCT00813293,,,,,,,
NCT00820170,A Phase I-II Study of Dasatinib in Combination With Weekly Paclitaxel for Patients With Metastatic Breast Carcinoma,COMPLETED,dasatinib,ABL1,breast cancer,2009.0,https://clinicaltrials.gov/study/NCT00820170,,,,,,,
NCT00847015,"Phase II Study of Gemcitabine, Cisplatin, and Sunitinib (GC-S) as Neoadjuvant Chemotherapy in Patients With Muscle-Invasive Bladder Cancer",COMPLETED,sunitinib,VEGFR2,bladder cancer,2009.0,https://clinicaltrials.gov/study/NCT00847015,,,,,,,
NCT00864032,Phase I/II Trial of Neoadjuvant Conformal Radiotherapy Plus Sorafenib for Patients With Soft Tissue Sarcoma of the Extremity and Body Wall,COMPLETED,sorafenib,BRAF,cancer nos,2009.0,https://clinicaltrials.gov/study/NCT00864032,,,,,,,
NCT00867321,Phase I/II Randomized Trial of Sorafenib and Bevacizumab as First-Line Therapy in Patients With Locally Advanced or Metastatic Hepatocellular Carcinoma,COMPLETED,sorafenib,BRAF,hepatocellular carcinoma,2009.0,https://clinicaltrials.gov/study/NCT00867321,,,,,,,
NCT00881296,Randomized Phase II Study of Biweekly Chemotherapy With Gemcitabine and Carboplatin in Elder Patients With Previously Untreated Advanced Non-Small Cell Lung Cancer,COMPLETED,gemcitabine,RRM1,nsclc,2008.0,https://clinicaltrials.gov/study/NCT00881296,,,,,,,
NCT00942877,Phase II Study of Cediranib (AZD2171) in Patients With Alveolar Soft Part Sarcoma,COMPLETED,unmapped,UNKNOWN,cancer nos,2009.0,https://clinicaltrials.gov/study/NCT00942877,,,,,,,
NCT01045460,Randomized Trial of Activated Marrow Infiltrating Lymphocytes Alone or in Conjunction With an Allogeneic GM-CSF-based Myeloma Cellular Vaccine in the Autologous Transplant Setting in Multiple Myeloma,COMPLETED,cyclophosphamide,DNA,multiple myeloma,2010.0,https://clinicaltrials.gov/study/NCT01045460,,,,,,,
NCT01053949,A Multicenter Randomized Open Label Phase II Study of Pomalidomide and Dexamethasone in Relapse and Refractory Multiple Myeloma Patients Who Are Progressive and Did Not Achieve at Least a Partial Response to Bortezomib and Lenalidomide,COMPLETED,pomalidomide,CRBN,multiple myeloma,2009.0,https://clinicaltrials.gov/study/NCT01053949,,,,,,,
NCT01057589,Phase 2 Study of Pemetrexed in Combination With Cisplatin and Cetuximab in Recurrent or Metastatic Squamous Cell Carcinoma of the Head and Neck,COMPLETED,cetuximab,EGFR,hnscc,2010.0,https://clinicaltrials.gov/study/NCT01057589,,,,,,,
NCT01074970,"PARP Inhibition After Preoperative Chemotherapy in Patients With Triple Negative Breast Cancer or ER/PR +, HER2 Negative With Known BRCA1/2 Mutations: Hoosier Oncology Group BRE09-146",COMPLETED,rucaparib,PARP1,breast cancer,2010.0,https://clinicaltrials.gov/study/NCT01074970,,,,,,,
NCT01076231,Feasibility and PhaseI/II Trial of Preoperative Proton Beam Radiotherapy With Concurrent Chemotherapy for Resectable Stage IIIA or Superior Sulcus NSCLC,COMPLETED,cisplatin,DNA,nsclc,2010.0,https://clinicaltrials.gov/study/NCT01076231,,,,,,,
NCT01083641,A Phase II Study of High Dose Estradiol in Metastatic Triple Negative Breast Cancer,TERMINATED,unmapped,UNKNOWN,breast cancer,2010.0,https://clinicaltrials.gov/study/NCT01083641,,,,,,,
NCT01095094,Phase II Trial of Ritonavir/Lopinavir in Patients With Progressive of Recurrent High-Grade Gliomas,TERMINATED,unmapped,UNKNOWN,glioblastoma,2009.0,https://clinicaltrials.gov/study/NCT01095094,,,,,,,
NCT01111461,"An Open-Label, Single-Arm, Multicenter Phase II Study of E7080 (Lenvatinib) in Subjects With Advanced Endometrial Cancer and Disease Progression Following First-Line Chemotherapy",COMPLETED,lenvatinib,VEGFR2,endometrial cancer,2010.0,https://clinicaltrials.gov/study/NCT01111461,,,,,,,
NCT01118026,Phase II Trial of Response-Adapted Therapy Based on Positron Emission Tomography (PET) for Bulky Stage I and Stage II Classical Hodgkin Lymphoma (HL),COMPLETED,unmapped,UNKNOWN,lymphoma,2010.0,https://clinicaltrials.gov/study/NCT01118026,,,,,,,
NCT01125176,A Phase II Study of Daily Alternating Thalidomide and Lenalidomide Therapy Plus Rituximab (ThRiL) as Initial Treatment for Patients With CLL,COMPLETED,rituximab,MS4A1,leukemia,2012.0,https://clinicaltrials.gov/study/NCT01125176,,,,,,,
NCT01138046,"An Open-label, Single-arm, Phase I/II Study of Lapatinib in Combination With Weekly Paclitaxel as First-line Chemotherapy for ErbB2-overexpressing Metastatic Breast Cancer Patients",COMPLETED,lapatinib,ERBB2,breast cancer,2010.0,https://clinicaltrials.gov/study/NCT01138046,,,,,,,
NCT01203267,Phase 2 Study of Weekly Paclitaxel Plus Carboplatin in Preoperative Treatment of Breast Cancer Patients,COMPLETED,carboplatin,DNA,breast cancer,2007.0,https://clinicaltrials.gov/study/NCT01203267,,,,,,,
NCT01232452,"An Open-label, Multicenter, Randomized Phase 2 Study Evaluating the Safety and Efficacy of Cisplatin and Pemetrexed With or Without Cixutumumab as First-Line Therapy in Patients With Advanced Nonsquamous Non-Small Cell Lung Carcinoma",COMPLETED,cisplatin,DNA,cancer nos,2011.0,https://clinicaltrials.gov/study/NCT01232452,,,,,,,
NCT01246557,Open Label Multi-center Pilot Phase I/II Non-controlled Clinical Trial to Assess Safety and Efficieecy of the Lenalidomide and Dexamethasone Association in Patients With Chronic Relapse or Treatment Resistant Lymphatic Leukemia Following Treatment Containing Fludarabine.,COMPLETED,lenalidomide,CRBN,leukemia,2009.0,https://clinicaltrials.gov/study/NCT01246557,,,,,,,
NCT01246986,Phase 2 Study of LY2157299 in Patients With Hepatocellular Carcinoma,COMPLETED,sorafenib,BRAF,hepatocellular carcinoma,2011.0,https://clinicaltrials.gov/study/NCT01246986,,,,,,,
NCT01274351,"A Phase II Multi-center, Open-label, Non-randomized Study of Nilotinib as First Line Treatment in Adult Patients With Newly Diagnosed Philadelphia Chromosome Positive (Ph+) Chronic Myelogenous Leukemia in Chronic Phase (CML-CP)",COMPLETED,nilotinib,ABL1,leukemia,2011.0,https://clinicaltrials.gov/study/NCT01274351,,,,,,,
NCT01279694,Phase I/II Trial of Carfilzomib Plus Melphalan and Prednisone in Elderly Untreated Patients With Multiple Myeloma.,COMPLETED,carfilzomib,PSMB5,multiple myeloma,2010.0,https://clinicaltrials.gov/study/NCT01279694,,,,,,,
NCT01305213,"A Randomized Phase II Evaluation of Single-Agent Bevacizumab (NSC #704865) and Combination Bevacizumab With Fosbretabulin Tromethamine (CA4P) (NSC #752293) in the Treatment of Recurrent or Persistent Epithelial Ovarian, Fallopian Tube or Primary Peritoneal Carcinoma",COMPLETED,bevacizumab,VEGFA,ovarian cancer,2011.0,https://clinicaltrials.gov/study/NCT01305213,,,,,,,
NCT01340430,Neoadjuvant Therapy With FEC Followed by Weekly Paclitaxel and Concurrent Trastuzumab in Her2 Positive Non Operable Breast Cancer. Phase II Study.,COMPLETED,trastuzumab,ERBB2,breast cancer,2011.0,https://clinicaltrials.gov/study/NCT01340430,,,,,,,
NCT01388647,"Phase I/II Study of Neoadjuvant Carboplatin, Eribulin Mesylate and Trastuzumab (ECH) for Operable HER2 Positive Breast Cancer",TERMINATED,trastuzumab,ERBB2,breast cancer,2011.0,https://clinicaltrials.gov/study/NCT01388647,,,,,,,
NCT01418742,SKIP - A Double-blind Placebo-controlled Randomized Multicenter Phase II Trial of Skin Toxicity Treatment in Subjects With Advanced or Metastatic Colorectal Carcinoma Receiving Panitumumab,TERMINATED,panitumumab,EGFR,colorectal cancer,2011.0,https://clinicaltrials.gov/study/NCT01418742,,,,,,,
NCT01468532,"Phase I/II Trial to Establish the Safety and Preliminary Efficacy of the Combination of Docetaxel, Prednisone, and SOM 230 (Pasireotide) in Metastatic Castrate Resistant Prostate Cancer (CRPC).",COMPLETED,docetaxel,TUBB,prostate cancer,2011.0,https://clinicaltrials.gov/study/NCT01468532,,,,,,,
NCT01495247,"A Dose-finding Phase Ib Study Followed by an Open-label, Randomized Phase II Study of BEZ235 Plus Paclitaxel in Patients With HER2 Negative, Inoperable Locally Advanced or Metastatic Breast Cancer",TERMINATED,paclitaxel,TUBB,breast cancer,2012.0,https://clinicaltrials.gov/study/NCT01495247,,,,,,,
NCT01505413,Phase 2 Study of GEMOX-T in Previously Untreated Patients With Advanced Pancreatic Cancer,COMPLETED,erlotinib,EGFR,pancreatic cancer,2011.0,https://clinicaltrials.gov/study/NCT01505413,,,,,,,
NCT01535924,A Phase I/II Study Of Gemcitabine And Bendamustine In Patients With Relapsed Or Refractory Hodgkin's Lymphoma,COMPLETED,gemcitabine,RRM1,lymphoma,2012.0,https://clinicaltrials.gov/study/NCT01535924,,,,,,,
NCT01593020,A Randomized Phase II Neoadjuvant Study of Sequential Eribulin Followed by FAC/FEC-regimen Compared to Sequential Paclitaxel Followed by FAC/FEC-Regimen in Women With Early Stage Breast Cancer Not Overexpressing HER-2,COMPLETED,paclitaxel,TUBB,breast cancer,2012.0,https://clinicaltrials.gov/study/NCT01593020,,,,,,,
NCT01621880,Effect of Bevacizumab on Radiation-induced Brain Necrosis in Patients With Nasopharyngeal Carcinoma,COMPLETED,bevacizumab,VEGFA,cancer nos,2012.0,https://clinicaltrials.gov/study/NCT01621880,,,,,,,
NCT01646125,"A Multicenter, Open-label, Randomized Phase II Study to Evaluate the Efficacy of AUY922 vs Pemetrexed or Docetaxel in NSCLC Patients With EGFR Mutations Who Have Progressed on Prior EGFR TKI Treatment",TERMINATED,docetaxel,TUBB,nsclc,2012.0,https://clinicaltrials.gov/study/NCT01646125,,,,,,,
NCT01701986,Gemcitabine/Clofarabine/Busulfan and Allogeneic Transplantation for Aggressive Lymphomas,COMPLETED,rituximab,MS4A1,lymphoma,2012.0,https://clinicaltrials.gov/study/NCT01701986,,,,,,,
NCT01750281,"A Phase II, Double-Blind, Randomised, Placebo-Controlled Study to Assess the Efficacy and Safety of Selumetinib (AZD6244; ARRY-142886) (Hyd-Sulfate) in Combination With Docetaxel, Compared With Placebo in Combination With Docetaxel, in Patients Receiving Second Line Treatment for Locally Advanced or Metastatic Non Small Cell Lung Cancer (Stage IIIB - IV)",COMPLETED,docetaxel,TUBB,nsclc,2012.0,https://clinicaltrials.gov/study/NCT01750281,,,,,,,
NCT01763788,"An Open-Label, Multicenter, Phase 1b/2 Study to Evaluate Necitumumab in Combination With Gemcitabine and Cisplatin in the First-Line Treatment of Patients With Advanced (Stage IV) Squamous Non-Small Cell Lung Cancer (NSCLC)",COMPLETED,gemcitabine,RRM1,nsclc,2013.0,https://clinicaltrials.gov/study/NCT01763788,,,,,,,
NCT01776307,A Phase II Clinical Study of BBI608 in Adult Patients With Advanced Colorectal Cancer,COMPLETED,cetuximab,EGFR,colorectal cancer,2012.0,https://clinicaltrials.gov/study/NCT01776307,,,,,,,
NCT01853748,A Randomized Phase II Study of Trastuzumab Emtansine (T-DM1) vs. Paclitaxel in Combination With Trastuzumab for Stage I HER2-Positive Breast Cancer (ATEMPT Trial),COMPLETED,trastuzumab,ERBB2,breast cancer,2013.0,https://clinicaltrials.gov/study/NCT01853748,,,,,,,
NCT02008539,Treatment of Advanced Gastrointestinal Cancer in a Phase I/II Trial With Modified Autologous MSC_apceth_101,TERMINATED,unmapped,UNKNOWN,cancer nos,2013.0,https://clinicaltrials.gov/study/NCT02008539,,,,,,,
NCT02019693,A Phase 2 Study of the MET Kinase Inhibitor INC280 in Papillary Renal Cell Cancer,COMPLETED,unmapped,UNKNOWN,renal cell carcinoma,2014.0,https://clinicaltrials.gov/study/NCT02019693,,,,,,,
NCT02055820,"A Phase Ib/II, Open-Label Study Evaluating the Safety, Efficacy and Pharmacokinetics of GDC-0199 (ABT-199) in Combination With Rituximab (R) or Obinutuzumab (G) Plus Cyclophosphamide, Doxorubicin, Vincristine, and Prednisone (CHOP) in Patients With B-Cell Non-Hodgkin's Lymphoma (NHL) and DLBCL",COMPLETED,venetoclax,BCL2,lymphoma,2013.0,https://clinicaltrials.gov/study/NCT02055820,,,,,,,
NCT02061085,"A Phase IIa Prospective, Multicenter, Open and Not Controlled of the Efficacy and Tolerability on the First Line Treatment With Eribulin as a Unic Agent on Patients With HER2 Negative Metastatic Breast Cancer Previously Treated With Taxanes",COMPLETED,unmapped,UNKNOWN,breast cancer,2013.0,https://clinicaltrials.gov/study/NCT02061085,,,,,,,
NCT02119676,"A Randomized, Double-Blind Study of Ruxolitinib or Placebo in Combination With Regorafenib in Subjects With Relapsed or Refractory Metastatic Colorectal Cancer",TERMINATED,regorafenib,VEGFR2,colorectal cancer,2014.0,https://clinicaltrials.gov/study/NCT02119676,,,,,,,
NCT02152137,"A Phase 2 Study of Efatutazone, an Oral PPAR Agonist, In Combination With Paclitaxel in Patients With Advanced Anaplastic Thyroid Cancer",COMPLETED,paclitaxel,TUBB,thyroid cancer,2014.0,https://clinicaltrials.gov/study/NCT02152137,,,,,,,
NCT02176213,"A Phase II Study of Pomalidomide, Daily Low Dose Oral Cyclophosphamide, and Dexamethasone in Relapsed/Refractory Multiple Myeloma",COMPLETED,pomalidomide,CRBN,multiple myeloma,2014.0,https://clinicaltrials.gov/study/NCT02176213,,,,,,,
NCT02206425,A Phase 1/2 Study of Ixazomib as a Replacement for Bortezomib or Carfilzomib for Multiple Myeloma (MM) Patients Recently Relapsed or Refractory to Their Last Combination Regimen Containing Either Bortezomib or Carfilzomib,COMPLETED,lenalidomide,CRBN,multiple myeloma,2014.0,https://clinicaltrials.gov/study/NCT02206425,,,,,,,
NCT02213289,PANGEA: Personalized Antibodies for Gastro-Esophageal Adenocarcinoma,COMPLETED,nivolumab,PDCD1,cancer nos,2015.0,https://clinicaltrials.gov/study/NCT02213289,,,,,,,
NCT02302833,A Phase II Study to Evaluate the Effects of Cabozantinib in Patients With Unresectable Metastatic Pheochromocytomas and Paragangliomas,COMPLETED,cabozantinib,MET,renal cell carcinoma,2015.0,https://clinicaltrials.gov/study/NCT02302833,,,,,,,
NCT02316340,Modulation of Autophagy: A Clinical Study of Vorinostat Plus Hydroxychloroquine Versus Regorafenib in Refractory Metastatic Colorectal Cancer (mCRC) Patients (CTMS# 14-2015),COMPLETED,regorafenib,VEGFR2,colorectal cancer,2015.0,https://clinicaltrials.gov/study/NCT02316340,,,,,,,
NCT02335424,A Phase II Clinical Trial of Pembrolizumab (MK-3475) in Subjects With Advanced/Unresectable or Metastatic Urothelial Cancer,COMPLETED,pembrolizumab,PDCD1,bladder cancer,2015.0,https://clinicaltrials.gov/study/NCT02335424,,,,,,,
NCT02342587,Safety and Clinical Activity of Lapatinib in Patients With HER2-positive Refractory Advanced Cancer: A Phase II Single Arm Prospective Study,COMPLETED,lapatinib,ERBB2,breast cancer,2014.0,https://clinicaltrials.gov/study/NCT02342587,,,,,,,
NCT02368691,"A Phase 2 Open Label, Multi-Center, Multinational Study Investigating The Efficacy and Safety Of GTx-024 On Advanced, Androgen Receptor-Positive Triple Negative Breast Cancer (AR+ TNBC)",TERMINATED,unmapped,UNKNOWN,breast cancer,2015.0,https://clinicaltrials.gov/study/NCT02368691,,,,,,,
NCT02453594,A Phase II Clinical Trial of MK-3475 (Pembrolizumab) in Subjects With Relapsed or Refractory (R/R) Classical Hodgkin Lymphoma (cHL),COMPLETED,pembrolizumab,PDCD1,lymphoma,2015.0,https://clinicaltrials.gov/study/NCT02453594,,,,,,,
NCT02454842,"A Phase 2 Study of TH-4000 (Tarloxotinib) in Patients With EGFR-Mutant, T790M-Negative, Advanced Non-Small Cell Lung Cancer Progressing on an EGFR Tyrosine Kinase Inhibitor",TERMINATED,unmapped,UNKNOWN,nsclc,2015.0,https://clinicaltrials.gov/study/NCT02454842,,,,,,,
NCT02466009,Regorafenib in Adults 70 Years or Older With Metastatic Colorectal Cancer: A Phase II Study,COMPLETED,regorafenib,VEGFR2,colorectal cancer,2015.0,https://clinicaltrials.gov/study/NCT02466009,,,,,,,
NCT02536742,A Phase II Study of Palbociclib Plus Fulvestrant for Pretreated Patients With ER+/HER2- Metastatic Breast Cancer,COMPLETED,palbociclib,CDK4,breast cancer,2016.0,https://clinicaltrials.gov/study/NCT02536742,,,,,,,
NCT02597322,"An Open-label, Non-randomized, Multicenter, Two Stage Designed Phase II Study of Axitinib for Downstaging Large Renal Tumors Not Primarily Suitable for Partial Nephrectomy (AXIPAN)",COMPLETED,axitinib,VEGFR2,renal cell carcinoma,2012.0,https://clinicaltrials.gov/study/NCT02597322,,,,,,,
NCT02640508,Phase II Trial of Eribulin and Lenvatinib in Advanced Solid Tumors (CTMS# 15-2139),COMPLETED,lenvatinib,VEGFR2,solid tumors,2016.0,https://clinicaltrials.gov/study/NCT02640508,,,,,,,
NCT02659020,"A Phase 1b (Open-Label)/Phase 2 (Randomized, Double-Blinded) Study Evaluating Gemcitabine and Docetaxel With or Without Olaratumab in the Treatment of Advanced Soft Tissue Sarcoma",COMPLETED,gemcitabine,RRM1,cancer nos,2016.0,https://clinicaltrials.gov/study/NCT02659020,,,,,,,
NCT02722668,Transplantation of Umbilical Cord Blood From Unrelated Donors in Patients With Hematological Diseases Using a Non-Myeloablative Preparative Regimen,COMPLETED,cyclophosphamide,DNA,multiple myeloma,2017.0,https://clinicaltrials.gov/study/NCT02722668,,,,,,,
NCT02775695,Efficacy of Doxycycline on Metakaryote Cell Death in Patients With Resectable Pancreatic Cancer,COMPLETED,unmapped,UNKNOWN,pancreatic cancer,2017.0,https://clinicaltrials.gov/study/NCT02775695,,,,,,,
NCT02815995,A Phase II Multi-Arm Study to Test the Efficacy of Immunotherapeutic Agents in Multiple Sarcoma Subtypes,COMPLETED,durvalumab,CD274,cancer nos,2016.0,https://clinicaltrials.gov/study/NCT02815995,,,,,,,
NCT02939651,"A Phase 2, Open-label Study of Pembrolizumab Monotherapy in Patients With Metastatic High Grade Neuroendocrine Tumors",COMPLETED,pembrolizumab,PDCD1,cancer nos,2016.0,https://clinicaltrials.gov/study/NCT02939651,,,,,,,
NCT02978222,"A Randomized Multicenter Phase II Trial to Evaluate the Safety, Efficacy and Immunogenicity of Vaccination With Folate Receptor Alpha Peptides With GM-CSF Versus GM-CSF Alone in Patients With Platinum Sensitive Ovarian Cancer and a Response or Stable Disease to Platinum Therapy",TERMINATED,unmapped,UNKNOWN,ovarian cancer,2017.0,https://clinicaltrials.gov/study/NCT02978222,,,,,,,
NCT03006848,"A Phase II Trial of Avelumab, A Fully Human Antibody That Targets Cells Expressing PD-L1, in Patients With Recurrent or Progressive Osteosarcoma",COMPLETED,avelumab,CD274,cancer nos,2017.0,https://clinicaltrials.gov/study/NCT03006848,,,,,,,
NCT03093831,A Phase II Investigator Sponsored Multi-Centre Trial of the Bruton's Tyrosine Kinase (BTK) Inhibitor Ibrutinib in Patients With Relapsed or Refractory Marginal Zone Lymphoma,TERMINATED,ibrutinib,BTK,lymphoma,2016.0,https://clinicaltrials.gov/study/NCT03093831,,,,,,,
NCT03098030,"A Two-part, Open-label, Randomized, Phase 2/3 Study of Dinutuximab and Irinotecan Versus Irinotecan for Second Line Treatment of Subjects With Relapsed or Refractory Small Cell Lung Cancer",COMPLETED,irinotecan,TOP1,cancer nos,2017.0,https://clinicaltrials.gov/study/NCT03098030,,,,,,,
NCT03108495,"A Phase 2, Multicenter Study to Evaluate the Efficacy and Safety Using Autologous Tumor Infiltrating Lymphocytes (LN-145) in Patients With Recurrent, Metastatic or Persistent Cervical Carcinoma",TERMINATED,pembrolizumab,PDCD1,cervical cancer,2017.0,https://clinicaltrials.gov/study/NCT03108495,,,,,,,
NCT03248427,CORALLEEN: A Phase 2 Clinical Trial of Multi-agent Chemotherapy or Letrozole Plus Ribociclib (LEE011) as Neoadjuvant Treatment for Postmenopausal Patients With Luminal B/HER2-negative Breast Cancer.,COMPLETED,ribociclib,CDK4,breast cancer,2017.0,https://clinicaltrials.gov/study/NCT03248427,,,,,,,
NCT03274258,Phase II Trial of Nivolumab Plus Ipilimumab in Patients With Renal Medullary Carcinoma,TERMINATED,nivolumab,PDCD1,renal cell carcinoma,2017.0,https://clinicaltrials.gov/study/NCT03274258,,,,,,,
NCT03321630,"A Phase II Study of Lenvatinib, a Multi-targeted Tyrosine Kinase Inhibitor, Combined With Pembrolizumab (PD-1 Inhibitor) for the Treatment of Metastatic Gastroesophageal Cancer Patients Who Have Progressed on First or Subsequent Line Therapies",COMPLETED,pembrolizumab,PDCD1,gastric cancer,2017.0,https://clinicaltrials.gov/study/NCT03321630,,,,,,,
NCT03418324,"A Phase 2 Study of TRC105 (Anti-endoglin Antibody) With Abiraterone and With Enzalutamide in Metastatic, Castration Resistant Prostate Cancer Patients Progressing on Therapy",COMPLETED,enzalutamide,AR,prostate cancer,2018.0,https://clinicaltrials.gov/study/NCT03418324,,,,,,,
NCT03510871,Nivolumab Plus Ipilimumab as Neoadjuvant Therapy for Hepatocellular Carcinoma (HCC),COMPLETED,nivolumab,PDCD1,hepatocellular carcinoma,2019.0,https://clinicaltrials.gov/study/NCT03510871,,,,,,,
NCT03531840,Phase II Study of Olaparib in Subjects With Malignant Mesothelioma,COMPLETED,olaparib,PARP1,cancer nos,2018.0,https://clinicaltrials.gov/study/NCT03531840,,,,,,,
NCT03570619,IMPACT: Immunotherapy in Patients With Metastatic Cancers and CDK12 Mutations,COMPLETED,nivolumab,PDCD1,solid tumors,2018.0,https://clinicaltrials.gov/study/NCT03570619,,,,,,,
NCT03733990,"A Phase I/II Open-Label, Three-Part, Dose-Finding and Separate Cohort Expansion Trial to Assess the Safety, Tolerability and Preliminary Efficacy of Repeated Doses of CLEVER-1 Antibody FP-1305, in Subjects With Advanced Solid Tumours",COMPLETED,unmapped,UNKNOWN,cancer nos,2018.0,https://clinicaltrials.gov/study/NCT03733990,,,,,,,
NCT03760666,"A Phase 1b/2a Open-label, Multi-center Study to Assess the Safety, Efficacy and Pharmacokinetics of Intrapatient Dose-adjusted Brequinar and Inhibition of Dihydroorotate Dehydrogenase (DHODH) in Adult Subjects With AML",TERMINATED,unmapped,UNKNOWN,leukemia,2018.0,https://clinicaltrials.gov/study/NCT03760666,,,,,,,
NCT03801304,Open Label Phase II Trial to Evaluate Safety and Efficacy of Vinorelbine With Metronomic Administration in Combination With Atezolizumab as Second-line Treatment for Patients With Stage IV Non-small Cell Lung Cancer,COMPLETED,atezolizumab,CD274,nsclc,2019.0,https://clinicaltrials.gov/study/NCT03801304,,,,,,,
NCT04009876,"Phase II, Multicenter, Open-label, Non-randomized Study of Neoadjuvant Chemotherapy NALIRINOX (5-FU/LV + Oxaliplatin + Nal-IRI) Followed by Chemoradiotherapy in Patients With Rectal Cancer in a Watch-and-wait Program",COMPLETED,oxaliplatin,DNA,colorectal cancer,2019.0,https://clinicaltrials.gov/study/NCT04009876,,,,,,,
NCT04045613,An Open-label Multi-cohort Phase 1b/2 Study of Derazantinib and Atezolizumab in Patients With Urothelial Cancer Expressing Activating Molecular FGFR Aberrations,COMPLETED,atezolizumab,CD274,bladder cancer,2019.0,https://clinicaltrials.gov/study/NCT04045613,,,,,,,
NCT04154189,"A Multicenter, Open-label, Randomized Phase 2 Study to Compare the Efficacy and Safety of Lenvatinib in Combination With Ifosfamide and Etoposide Versus Ifosfamide and Etoposide in Children, Adolescents and Young Adults With Relapsed or Refractory Osteosarcoma (OLIE)",COMPLETED,lenvatinib,VEGFR2,cancer nos,2020.0,https://clinicaltrials.gov/study/NCT04154189,,,,,,,
NCT04166383,Phase II Trial of VB-111 in Combination With Nivolumab in Patients With Metastatic Colorectal Cancer (mCRC).,TERMINATED,nivolumab,PDCD1,colorectal cancer,2020.0,https://clinicaltrials.gov/study/NCT04166383,,,,,,,
NCT04308785,"A Multicenter, Double-Blind, Placebo-Controlled, Randomized, Phase 2 Study to Investigate the Efficacy and Safety of Atezolizumab With or Without Tiragolumab as Consolidation Therapy in Patients With Limited Stage Small Cell Lung Cancer Who Have Not Progressed After Chemoradiotherapy",TERMINATED,atezolizumab,CD274,cancer nos,2021.0,https://clinicaltrials.gov/study/NCT04308785,,,,,,,
NCT04347226,A Randomized Phase 2 Study of Anti-IL-8 Therapy Versus Standard of Care in the Treatment of Hospitalized Patients With Severe COVID-19,TERMINATED,unmapped,UNKNOWN,solid tumors,2020.0,https://clinicaltrials.gov/study/NCT04347226,,,,,,,
NCT04495894,A Pilot Study of Biomarker Evaluation and Safety of Pre-Incisional Ketorolac for Patients Undergoing Surgical Resection for Non-Small Cell Lung Cancer and Renal Cell Carcinoma,TERMINATED,unmapped,UNKNOWN,nsclc,2020.0,https://clinicaltrials.gov/study/NCT04495894,,,,,,,
NCT04700072,A Phase 1/2 Open-Label Rolling-Arm Umbrella Platform Design of Investigational Agents With or Without Pembrolizumab or Pembrolizumab Alone in Participants With Melanoma (KEYMAKER-U02): Substudy 02D,COMPLETED,pembrolizumab,PDCD1,melanoma,2021.0,https://clinicaltrials.gov/study/NCT04700072,,,,,,,
NCT04933695,"A Phase 2, Multicenter, Open-label Study of Sotorasib (AMG 510) in Subjects With Stage IV NSCLC Whose Tumors Harbor a KRAS G12C Mutation in Need of First-line Treatment (CodeBreaK 201)",COMPLETED,sotorasib,KRAS,nsclc,2022.0,https://clinicaltrials.gov/study/NCT04933695,,,,,,,
NCT04944173,A Phase II Study of Circulating Tumor DNA Directed Consolidation Durvalumab (MEDI4736) Following Induction and Concurrent Durvalumab with SABR for Stage I NSCLC. SCION: SABR and Checkpoint Inhibition of NSCLC,WITHDRAWN,durvalumab,CD274,nsclc,2023.0,https://clinicaltrials.gov/study/NCT04944173,,,,,,,
NCT05085002,A Phase 2 Study to Evaluate the Safety and Efficacy of Lerociclib in Participants With Advanced Breast Cancer,TERMINATED,letrozole,CYP19A1,breast cancer,2021.0,https://clinicaltrials.gov/study/NCT05085002,,,,,,,
NCT05109442,"A Phase 1/2a Open Label, Multicenter Study to Assess the Safety, Tolerability, Pharmacokinetics, and Efficacy of AFM24 in Combination With Atezolizumab in Patients With Selected Advanced/Metastatic EGFR-expressing Cancers",TERMINATED,atezolizumab,CD274,solid tumors,2021.0,https://clinicaltrials.gov/study/NCT05109442,,,,,,,
NCT05653427,"A Phase 2, Open-Label Study to Evaluate the Safety, Efficacy and Pharmacokinetics of Amivantamab Monotherapy in Participants With Previously Treated Advanced Hepatocellular Carcinoma",TERMINATED,unmapped,UNKNOWN,hepatocellular carcinoma,2022.0,https://clinicaltrials.gov/study/NCT05653427,,,,,,,
NCT05687617,"Diagnostic Value of Intraoperative Near-infrared Imaging With Indocyanine Green for Detection of Peritoneal Metastases During Staging Laparoscopy for Gastric Adenocarcinoma: a Prospective, Multicentric Study.",TERMINATED,unmapped,UNKNOWN,gastric cancer,2022.0,https://clinicaltrials.gov/study/NCT05687617,,,,,,,
NCT06022692,Water-filtered Infrared A Radiation Whole-body Hyperthermia Combined With Immune Checkpoint Inhibitor Therapy for Advanced Gastrointestinal Tumours: A Prospective Open-label Single-arm Phase 2 Study,COMPLETED,unmapped,UNKNOWN,cancer nos,2020.0,https://clinicaltrials.gov/study/NCT06022692,,,,,,,
NCT06333769,A Phase II Multicenter Clinical Trial of Modified Short-course Radiotherapy Combined With CAPOX and PD-1 Monoclonal Antibody for Locally Advanced Mid-low Rectal Cancer,COMPLETED,capecitabine,TYMS,colorectal cancer,2024.0,https://clinicaltrials.gov/study/NCT06333769,,,,,,,
