primary_target,disease,retrieved_utc,pubmed_pair_count,clinical_trial_pub_count,pair_pub_acceleration,has_real_pubmed_data,pubmed_data_missing,pubmed_status,pubmed_total_raw,pubmed_clinical_trial_raw,pubmed_recent_raw,pubmed_as_of,pubmed_recent_start,pubmed_query
ABL1,breast cancer,2026-09-14T05:10:48.813060+00:00,0.036,0.01,0.5555555555555556,True,0,complete,36,1,8,2026-09-14,2023-01-01,(ABL1[Title/Abstract]) AND (breast cancer[Title/Abstract])
ABL1,cancer nos,2026-09-14T05:10:49.815079+00:00,0.0,0.0,0.0,True,0,complete,0,0,0,2026-09-14,2023-01-01,(ABL1[Title/Abstract]) AND (cancer nos[Title/Abstract])
ABL1,gastric cancer,2026-09-14T05:10:51.034065+00:00,0.01,0.0,1.0,True,0,complete,10,0,5,2026-09-14,2023-01-01,(ABL1[Title/Abstract]) AND (gastric cancer[Title/Abstract])
ABL1,hepatocellular carcinoma,2026-09-14T05:10:52.265818+00:00,0.006,0.0,1.0,True,0,complete,6,0,3,2026-09-14,2023-01-01,(ABL1[Title/Abstract]) AND (hepatocellular carcinoma[Title/Abstract])
ABL1,leukemia,2026-09-14T05:10:53.608578+00:00,1.0,1.0,0.8068247541931752,True,0,complete,3458,171,1116,2026-09-14,2023-01-01,(ABL1[Title/Abstract]) AND (leukemia[Title/Abstract])
ABL1,lymphoma,2026-09-14T05:10:54.796206+00:00,0.13,0.02,0.8653846153846154,True,0,complete,130,2,45,2026-09-14,2023-01-01,(ABL1[Title/Abstract]) AND (lymphoma[Title/Abstract])
ABL1,melanoma,2026-09-14T05:10:55.932262+00:00,0.009,0.0,0.2777777777777778,True,0,complete,9,0,1,2026-09-14,2023-01-01,(ABL1[Title/Abstract]) AND (melanoma[Title/Abstract])
ABL1,ovarian cancer,2026-09-14T05:10:57.128897+00:00,0.007,0.0,1.0,True,0,complete,7,0,5,2026-09-14,2023-01-01,(ABL1[Title/Abstract]) AND (ovarian cancer[Title/Abstract])
ABL1,pancreatic cancer,2026-09-14T05:10:58.423074+00:00,0.005,0.0,0.0,True,0,complete,5,0,0,2026-09-14,2023-01-01,(ABL1[Title/Abstract]) AND (pancreatic cancer[Title/Abstract])
ABL1,prostate cancer,2026-09-14T05:10:59.583807+00:00,0.017,0.0,0.4411764705882352,True,0,complete,17,0,3,2026-09-14,2023-01-01,(ABL1[Title/Abstract]) AND (prostate cancer[Title/Abstract])
ALK,cancer nos,2026-09-14T05:11:00.809331+00:00,0.0,0.0,0.0,True,0,complete,0,0,0,2026-09-14,2023-01-01,(ALK[Title/Abstract]) AND (cancer nos[Title/Abstract])
ALK,lymphoma,2026-09-14T05:11:02.007031+00:00,1.0,1.0,0.619755630796408,True,0,complete,6793,236,1684,2026-09-14,2023-01-01,(ALK[Title/Abstract]) AND (lymphoma[Title/Abstract])
ALK,nsclc,2026-09-14T05:11:03.262437+00:00,1.0,1.0,0.8417008196721312,True,0,complete,4880,317,1643,2026-09-14,2023-01-01,(ALK[Title/Abstract]) AND (nsclc[Title/Abstract])
AR,breast cancer,2026-09-14T05:11:04.624992+00:00,1.0,0.65,0.6414473684210527,True,0,complete,1824,65,468,2026-09-14,2023-01-01,(AR[Title/Abstract]) AND (breast cancer[Title/Abstract])
AR,cancer nos,2026-09-14T05:11:05.829116+00:00,0.0,0.0,0.0,True,0,complete,0,0,0,2026-09-14,2023-01-01,(AR[Title/Abstract]) AND (cancer nos[Title/Abstract])
AR,prostate cancer,2026-09-14T05:11:06.959570+00:00,1.0,1.0,0.5233532934131736,True,0,complete,8350,134,1748,2026-09-14,2023-01-01,(AR[Title/Abstract]) AND (prostate cancer[Title/Abstract])
BCL2,leukemia,2026-09-14T05:11:08.187945+00:00,1.0,1.0,0.4936235708003518,True,0,complete,6822,129,1347,2026-09-14,2023-01-01,(BCL2[Title/Abstract]) AND (leukemia[Title/Abstract])
BCL2,lymphoma,2026-09-14T05:11:10.119197+00:00,1.0,1.0,0.5343985263495113,True,0,complete,12486,200,2669,2026-09-14,2023-01-01,(BCL2[Title/Abstract]) AND (lymphoma[Title/Abstract])
BCL2,multiple myeloma,2026-09-14T05:11:11.102004+00:00,0.855,0.22,0.4444444444444444,True,0,complete,855,22,152,2026-09-14,2023-01-01,(BCL2[Title/Abstract]) AND (multiple myeloma[Title/Abstract])
BRAF,bladder cancer,2026-09-14T05:11:12.473405+00:00,0.041,0.0,0.548780487804878,True,0,complete,41,0,9,2026-09-14,2023-01-01,(BRAF[Title/Abstract]) AND (bladder cancer[Title/Abstract])
BRAF,breast cancer,2026-09-14T05:11:13.703645+00:00,0.363,0.08,0.6473829201101927,True,0,complete,363,8,94,2026-09-14,2023-01-01,(BRAF[Title/Abstract]) AND (breast cancer[Title/Abstract])
BRAF,cancer nos,2026-09-14T05:11:18.249430+00:00,0.0,0.0,0.0,True,0,complete,0,0,0,2026-09-14,2023-01-01,(BRAF[Title/Abstract]) AND (cancer nos[Title/Abstract])
BRAF,colorectal cancer,2026-09-14T05:11:20.344660+00:00,1.0,1.0,0.7226385104450499,True,0,complete,4404,277,1273,2026-09-14,2023-01-01,(BRAF[Title/Abstract]) AND (colorectal cancer[Title/Abstract])
BRAF,endometrial cancer,2026-09-14T05:11:21.914855+00:00,0.048,0.03,0.41666666666666663,True,0,complete,48,3,8,2026-09-14,2023-01-01,(BRAF[Title/Abstract]) AND (endometrial cancer[Title/Abstract])
BRAF,gastric cancer,2026-09-14T05:11:22.981233+00:00,0.119,0.04,0.6092436974789915,True,0,complete,119,4,29,2026-09-14,2023-01-01,(BRAF[Title/Abstract]) AND (gastric cancer[Title/Abstract])
BRAF,hepatocellular carcinoma,2026-09-14T05:11:24.179378+00:00,0.151,0.04,0.662251655629139,True,0,complete,151,4,40,2026-09-14,2023-01-01,(BRAF[Title/Abstract]) AND (hepatocellular carcinoma[Title/Abstract])
BRAF,leukemia,2026-09-14T05:11:25.583009+00:00,0.565,0.15,0.6814159292035398,True,0,complete,565,15,154,2026-09-14,2023-01-01,(BRAF[Title/Abstract]) AND (leukemia[Title/Abstract])
BRAF,melanoma,2026-09-14T05:11:26.834363+00:00,1.0,1.0,0.5619950825430278,True,0,complete,8541,349,1920,2026-09-14,2023-01-01,(BRAF[Title/Abstract]) AND (melanoma[Title/Abstract])
BRAF,multiple myeloma,2026-09-14T05:11:27.958883+00:00,0.124,0.08,0.564516129032258,True,0,complete,124,8,28,2026-09-14,2023-01-01,(BRAF[Title/Abstract]) AND (multiple myeloma[Title/Abstract])
BRAF,nsclc,2026-09-14T05:11:29.262251+00:00,1.0,0.36,0.9354166666666667,True,0,complete,1200,36,449,2026-09-14,2023-01-01,(BRAF[Title/Abstract]) AND (nsclc[Title/Abstract])
BRAF,ovarian cancer,2026-09-14T05:11:30.494608+00:00,0.199,0.13,0.7160804020100502,True,0,complete,199,13,57,2026-09-14,2023-01-01,(BRAF[Title/Abstract]) AND (ovarian cancer[Title/Abstract])
BRAF,renal cell carcinoma,2026-09-14T05:11:31.707849+00:00,0.094,0.03,0.425531914893617,True,0,complete,94,3,16,2026-09-14,2023-01-01,(BRAF[Title/Abstract]) AND (renal cell carcinoma[Title/Abstract])
BRAF,thyroid cancer,2026-09-14T05:11:32.976985+00:00,1.0,0.46,0.7993338884263114,True,0,complete,2402,46,768,2026-09-14,2023-01-01,(BRAF[Title/Abstract]) AND (thyroid cancer[Title/Abstract])
BTK,cancer nos,2026-09-14T05:11:34.123771+00:00,0.0,0.0,0.0,True,0,complete,0,0,0,2026-09-14,2023-01-01,(BTK[Title/Abstract]) AND (cancer nos[Title/Abstract])
BTK,leukemia,2026-09-14T05:11:35.736473+00:00,1.0,0.75,1.0,True,0,complete,1166,75,490,2026-09-14,2023-01-01,(BTK[Title/Abstract]) AND (leukemia[Title/Abstract])
BTK,lymphoma,2026-09-14T05:11:37.322998+00:00,1.0,0.87,1.0,True,0,complete,1263,87,552,2026-09-14,2023-01-01,(BTK[Title/Abstract]) AND (lymphoma[Title/Abstract])
BTK,solid tumors,2026-09-14T05:11:38.308930+00:00,0.04,0.02,0.75,True,0,complete,40,2,12,2026-09-14,2023-01-01,(BTK[Title/Abstract]) AND (solid tumors[Title/Abstract])
CD274,bladder cancer,2026-09-14T05:11:39.618186+00:00,0.042,0.01,1.0,True,0,complete,42,1,20,2026-09-14,2023-01-01,(CD274[Title/Abstract]) AND (bladder cancer[Title/Abstract])
CD274,breast cancer,2026-09-14T05:11:40.785357+00:00,0.114,0.04,1.0,True,0,complete,114,4,52,2026-09-14,2023-01-01,(CD274[Title/Abstract]) AND (breast cancer[Title/Abstract])
CD274,cancer nos,2026-09-14T05:11:41.982088+00:00,0.0,0.0,0.0,True,0,complete,0,0,0,2026-09-14,2023-01-01,(CD274[Title/Abstract]) AND (cancer nos[Title/Abstract])
CD274,cervical cancer,2026-09-14T05:11:43.203042+00:00,0.027,0.0,1.0,True,0,complete,27,0,17,2026-09-14,2023-01-01,(CD274[Title/Abstract]) AND (cervical cancer[Title/Abstract])
CD274,colorectal cancer,2026-09-14T05:11:44.457752+00:00,0.079,0.0,1.0,True,0,complete,79,0,44,2026-09-14,2023-01-01,(CD274[Title/Abstract]) AND (colorectal cancer[Title/Abstract])
CD274,endometrial cancer,2026-09-14T05:11:45.694570+00:00,0.008,0.0,1.0,True,0,complete,8,0,4,2026-09-14,2023-01-01,(CD274[Title/Abstract]) AND (endometrial cancer[Title/Abstract])
CD274,gastric cancer,2026-09-14T05:11:46.884064+00:00,0.052,0.01,1.0,True,0,complete,52,1,25,2026-09-14,2023-01-01,(CD274[Title/Abstract]) AND (gastric cancer[Title/Abstract])
CD274,glioblastoma,2026-09-14T05:11:48.274783+00:00,0.033,0.0,1.0,True,0,complete,33,0,14,2026-09-14,2023-01-01,(CD274[Title/Abstract]) AND (glioblastoma[Title/Abstract])
CD274,hepatocellular carcinoma,2026-09-14T05:11:49.326224+00:00,0.084,0.01,1.0,True,0,complete,84,1,44,2026-09-14,2023-01-01,(CD274[Title/Abstract]) AND (hepatocellular carcinoma[Title/Abstract])
CD274,hnscc,2026-09-14T05:11:50.577706+00:00,0.03,0.01,1.0,True,0,complete,30,1,14,2026-09-14,2023-01-01,(CD274[Title/Abstract]) AND (hnscc[Title/Abstract])
CD274,leukemia,2026-09-14T05:11:52.514572+00:00,0.039,0.01,0.9615384615384615,True,0,complete,39,1,15,2026-09-14,2023-01-01,(CD274[Title/Abstract]) AND (leukemia[Title/Abstract])
CD274,lymphoma,2026-09-14T05:11:53.486127+00:00,0.1,0.04,0.85,True,0,complete,100,4,34,2026-09-14,2023-01-01,(CD274[Title/Abstract]) AND (lymphoma[Title/Abstract])
CD274,melanoma,2026-09-14T05:11:54.720727+00:00,0.085,0.0,0.9705882352941176,True,0,complete,85,0,33,2026-09-14,2023-01-01,(CD274[Title/Abstract]) AND (melanoma[Title/Abstract])
CD274,nsclc,2026-09-14T05:11:56.006361+00:00,0.097,0.02,1.0,True,0,complete,97,2,42,2026-09-14,2023-01-01,(CD274[Title/Abstract]) AND (nsclc[Title/Abstract])
CD274,ovarian cancer,2026-09-14T05:11:57.163723+00:00,0.042,0.01,1.0,True,0,complete,42,1,20,2026-09-14,2023-01-01,(CD274[Title/Abstract]) AND (ovarian cancer[Title/Abstract])
CD274,pancreatic cancer,2026-09-14T05:11:58.363249+00:00,0.028,0.0,1.0,True,0,complete,28,0,14,2026-09-14,2023-01-01,(CD274[Title/Abstract]) AND (pancreatic cancer[Title/Abstract])
CD274,prostate cancer,2026-09-14T05:11:59.607834+00:00,0.017,0.0,1.0,True,0,complete,17,0,8,2026-09-14,2023-01-01,(CD274[Title/Abstract]) AND (prostate cancer[Title/Abstract])
CD274,renal cell carcinoma,2026-09-14T05:12:00.788358+00:00,0.024,0.02,1.0,True,0,complete,24,2,13,2026-09-14,2023-01-01,(CD274[Title/Abstract]) AND (renal cell carcinoma[Title/Abstract])
CD274,solid tumors,2026-09-14T05:12:02.030924+00:00,0.035,0.01,1.0,True,0,complete,35,1,16,2026-09-14,2023-01-01,(CD274[Title/Abstract]) AND (solid tumors[Title/Abstract])
CDK4,breast cancer,2026-09-14T05:12:03.261512+00:00,1.0,1.0,1.0,True,0,complete,3716,202,2000,2026-09-14,2023-01-01,(CDK4[Title/Abstract]) AND (breast cancer[Title/Abstract])
CDK4,cancer nos,2026-09-14T05:12:04.462958+00:00,0.0,0.0,0.0,True,0,complete,0,0,0,2026-09-14,2023-01-01,(CDK4[Title/Abstract]) AND (cancer nos[Title/Abstract])
CDK4,hnscc,2026-09-14T05:12:05.668507+00:00,0.084,0.11,0.863095238095238,True,0,complete,84,11,29,2026-09-14,2023-01-01,(CDK4[Title/Abstract]) AND (hnscc[Title/Abstract])
CDK4,lymphoma,2026-09-14T05:12:06.884418+00:00,0.288,0.08,0.5208333333333334,True,0,complete,288,8,60,2026-09-14,2023-01-01,(CDK4[Title/Abstract]) AND (lymphoma[Title/Abstract])
CRBN,bladder cancer,2026-09-14T05:12:08.097233+00:00,0.0,0.0,0.0,True,0,complete,0,0,0,2026-09-14,2023-01-01,(CRBN[Title/Abstract]) AND (bladder cancer[Title/Abstract])
CRBN,cancer nos,2026-09-14T05:12:09.360820+00:00,0.0,0.0,0.0,True,0,complete,0,0,0,2026-09-14,2023-01-01,(CRBN[Title/Abstract]) AND (cancer nos[Title/Abstract])
CRBN,colorectal cancer,2026-09-14T05:12:10.551486+00:00,0.006,0.0,1.0,True,0,complete,6,0,4,2026-09-14,2023-01-01,(CRBN[Title/Abstract]) AND (colorectal cancer[Title/Abstract])
CRBN,endometrial cancer,2026-09-14T05:12:11.760758+00:00,0.0,0.0,0.0,True,0,complete,0,0,0,2026-09-14,2023-01-01,(CRBN[Title/Abstract]) AND (endometrial cancer[Title/Abstract])
CRBN,hepatocellular carcinoma,2026-09-14T05:12:12.968270+00:00,0.007,0.0,1.0,True,0,complete,7,0,7,2026-09-14,2023-01-01,(CRBN[Title/Abstract]) AND (hepatocellular carcinoma[Title/Abstract])
CRBN,leukemia,2026-09-14T05:12:14.190210+00:00,0.071,0.0,1.0,True,0,complete,71,0,40,2026-09-14,2023-01-01,(CRBN[Title/Abstract]) AND (leukemia[Title/Abstract])
CRBN,lymphoma,2026-09-14T05:12:15.439759+00:00,0.043,0.02,1.0,True,0,complete,43,2,21,2026-09-14,2023-01-01,(CRBN[Title/Abstract]) AND (lymphoma[Title/Abstract])
CRBN,melanoma,2026-09-14T05:12:16.613952+00:00,0.006,0.0,0.8333333333333333,True,0,complete,6,0,2,2026-09-14,2023-01-01,(CRBN[Title/Abstract]) AND (melanoma[Title/Abstract])
CRBN,multiple myeloma,2026-09-14T05:12:17.814709+00:00,0.206,0.05,0.6067961165048543,True,0,complete,206,5,50,2026-09-14,2023-01-01,(CRBN[Title/Abstract]) AND (multiple myeloma[Title/Abstract])
CRBN,ovarian cancer,2026-09-14T05:12:19.104698+00:00,0.002,0.0,1.0,True,0,complete,2,0,1,2026-09-14,2023-01-01,(CRBN[Title/Abstract]) AND (ovarian cancer[Title/Abstract])
CTLA4,bladder cancer,2026-09-14T05:12:20.261866+00:00,0.169,0.02,0.8431952662721892,True,0,complete,169,2,57,2026-09-14,2023-01-01,(CTLA4[Title/Abstract]) AND (bladder cancer[Title/Abstract])
CTLA4,cancer nos,2026-09-14T05:12:21.497058+00:00,0.0,0.0,0.0,True,0,complete,0,0,0,2026-09-14,2023-01-01,(CTLA4[Title/Abstract]) AND (cancer nos[Title/Abstract])
CTLA4,hepatocellular carcinoma,2026-09-14T05:12:22.701384+00:00,0.483,0.06,1.0,True,0,complete,483,6,241,2026-09-14,2023-01-01,(CTLA4[Title/Abstract]) AND (hepatocellular carcinoma[Title/Abstract])
CTLA4,melanoma,2026-09-14T05:12:23.941560+00:00,1.0,0.96,0.5452978828163466,True,0,complete,2031,96,443,2026-09-14,2023-01-01,(CTLA4[Title/Abstract]) AND (melanoma[Title/Abstract])
CTLA4,nsclc,2026-09-14T05:12:25.174270+00:00,0.48,0.26,0.8697916666666666,True,0,complete,480,26,167,2026-09-14,2023-01-01,(CTLA4[Title/Abstract]) AND (nsclc[Title/Abstract])
CTLA4,prostate cancer,2026-09-14T05:12:26.382510+00:00,0.185,0.11,0.5675675675675675,True,0,complete,185,11,42,2026-09-14,2023-01-01,(CTLA4[Title/Abstract]) AND (prostate cancer[Title/Abstract])
CTLA4,solid tumors,2026-09-14T05:12:27.605053+00:00,0.445,0.37,0.8539325842696629,True,0,complete,445,37,152,2026-09-14,2023-01-01,(CTLA4[Title/Abstract]) AND (solid tumors[Title/Abstract])
CYP17A1,breast cancer,2026-09-14T05:12:28.993554+00:00,0.052,0.0,0.625,True,0,complete,52,0,13,2026-09-14,2023-01-01,(CYP17A1[Title/Abstract]) AND (breast cancer[Title/Abstract])
CYP17A1,cancer nos,2026-09-14T05:12:30.049890+00:00,0.0,0.0,0.0,True,0,complete,0,0,0,2026-09-14,2023-01-01,(CYP17A1[Title/Abstract]) AND (cancer nos[Title/Abstract])
CYP17A1,prostate cancer,2026-09-14T05:12:31.306890+00:00,0.245,0.11,0.5510204081632653,True,0,complete,245,11,54,2026-09-14,2023-01-01,(CYP17A1[Title/Abstract]) AND (prostate cancer[Title/Abstract])
CYP19A1,breast cancer,2026-09-14T05:12:32.503319+00:00,0.216,0.07,0.45138888888888884,True,0,complete,216,7,39,2026-09-14,2023-01-01,(CYP19A1[Title/Abstract]) AND (breast cancer[Title/Abstract])
CYP19A1,endometrial cancer,2026-09-14T05:12:33.716752+00:00,0.028,0.0,0.5357142857142857,True,0,complete,28,0,6,2026-09-14,2023-01-01,(CYP19A1[Title/Abstract]) AND (endometrial cancer[Title/Abstract])
CYP19A1,solid tumors,2026-09-14T05:12:34.945820+00:00,0.0,0.0,0.0,True,0,complete,0,0,0,2026-09-14,2023-01-01,(CYP19A1[Title/Abstract]) AND (solid tumors[Title/Abstract])
DHFR,cancer nos,2026-09-14T05:12:36.169133+00:00,0.0,0.0,0.0,True,0,complete,0,0,0,2026-09-14,2023-01-01,(DHFR[Title/Abstract]) AND (cancer nos[Title/Abstract])
DHFR,hnscc,2026-09-14T05:12:37.401664+00:00,0.008,0.01,0.0,True,0,complete,8,1,0,2026-09-14,2023-01-01,(DHFR[Title/Abstract]) AND (hnscc[Title/Abstract])
DHFR,leukemia,2026-09-14T05:12:38.609763+00:00,0.181,0.01,0.15193370165745856,True,0,complete,181,1,11,2026-09-14,2023-01-01,(DHFR[Title/Abstract]) AND (leukemia[Title/Abstract])
DHFR,lymphoma,2026-09-14T05:12:39.823262+00:00,0.034,0.01,0.4411764705882352,True,0,complete,34,1,6,2026-09-14,2023-01-01,(DHFR[Title/Abstract]) AND (lymphoma[Title/Abstract])
DNA,bladder cancer,2026-09-14T05:12:41.037477+00:00,1.0,0.67,0.5633903133903134,True,0,complete,3510,67,791,2026-09-14,2023-01-01,(DNA[Title/Abstract]) AND (bladder cancer[Title/Abstract])
DNA,breast cancer,2026-09-14T05:12:42.264860+00:00,1.0,1.0,0.5073016357189156,True,0,complete,26227,454,5322,2026-09-14,2023-01-01,(DNA[Title/Abstract]) AND (breast cancer[Title/Abstract])
DNA,cancer nos,2026-09-14T05:12:43.451193+00:00,0.0,0.0,0.0,True,0,complete,0,0,0,2026-09-14,2023-01-01,(DNA[Title/Abstract]) AND (cancer nos[Title/Abstract])
DNA,cervical cancer,2026-09-14T05:12:44.677538+00:00,1.0,1.0,0.49344220136299344,True,0,complete,7777,193,1535,2026-09-14,2023-01-01,(DNA[Title/Abstract]) AND (cervical cancer[Title/Abstract])
DNA,colorectal cancer,2026-09-14T05:12:45.953992+00:00,1.0,1.0,0.6274151255865305,True,0,complete,14492,403,3637,2026-09-14,2023-01-01,(DNA[Title/Abstract]) AND (colorectal cancer[Title/Abstract])
DNA,endometrial cancer,2026-09-14T05:12:47.137297+00:00,1.0,0.22,0.6731294374658655,True,0,complete,1831,22,493,2026-09-14,2023-01-01,(DNA[Title/Abstract]) AND (endometrial cancer[Title/Abstract])
DNA,gastric cancer,2026-09-14T05:12:48.350948+00:00,1.0,0.65,0.5024599125364431,True,0,complete,5488,65,1103,2026-09-14,2023-01-01,(DNA[Title/Abstract]) AND (gastric cancer[Title/Abstract])
DNA,glioblastoma,2026-09-14T05:12:49.578678+00:00,1.0,1.0,0.6648451730418943,True,0,complete,6588,146,1752,2026-09-14,2023-01-01,(DNA[Title/Abstract]) AND (glioblastoma[Title/Abstract])
DNA,hepatocellular carcinoma,2026-09-14T05:12:50.789411+00:00,1.0,1.0,0.5346213574495295,True,0,complete,10947,120,2341,2026-09-14,2023-01-01,(DNA[Title/Abstract]) AND (hepatocellular carcinoma[Title/Abstract])
DNA,hnscc,2026-09-14T05:12:52.049078+00:00,1.0,0.31,0.6453362255965293,True,0,complete,1844,31,476,2026-09-14,2023-01-01,(DNA[Title/Abstract]) AND (hnscc[Title/Abstract])
DNA,leukemia,2026-09-14T05:12:53.198089+00:00,1.0,1.0,0.25010460251046024,True,0,complete,23900,354,2391,2026-09-14,2023-01-01,(DNA[Title/Abstract]) AND (leukemia[Title/Abstract])
DNA,lymphoma,2026-09-14T05:12:54.470128+00:00,1.0,1.0,0.32349076292803586,True,0,complete,12937,206,1674,2026-09-14,2023-01-01,(DNA[Title/Abstract]) AND (lymphoma[Title/Abstract])
DNA,melanoma,2026-09-14T05:12:55.710011+00:00,1.0,1.0,0.4231234201560611,True,0,complete,9099,177,1540,2026-09-14,2023-01-01,(DNA[Title/Abstract]) AND (melanoma[Title/Abstract])
DNA,multiple myeloma,2026-09-14T05:12:56.909374+00:00,1.0,0.55,0.4660367722165475,True,0,complete,1958,55,365,2026-09-14,2023-01-01,(DNA[Title/Abstract]) AND (multiple myeloma[Title/Abstract])
DNA,nsclc,2026-09-14T05:12:58.111576+00:00,1.0,1.0,0.7318037974683543,True,0,complete,5688,259,1665,2026-09-14,2023-01-01,(DNA[Title/Abstract]) AND (nsclc[Title/Abstract])
DNA,ovarian cancer,2026-09-14T05:12:59.356212+00:00,1.0,1.0,0.5500949023861171,True,0,complete,7376,157,1623,2026-09-14,2023-01-01,(DNA[Title/Abstract]) AND (ovarian cancer[Title/Abstract])
DNA,pancreatic cancer,2026-09-14T05:13:00.563573+00:00,1.0,0.74,0.616754617414248,True,0,complete,3790,74,935,2026-09-14,2023-01-01,(DNA[Title/Abstract]) AND (pancreatic cancer[Title/Abstract])
DNA,prostate cancer,2026-09-14T05:13:01.792375+00:00,1.0,1.0,0.5044502617801047,True,0,complete,9550,198,1927,2026-09-14,2023-01-01,(DNA[Title/Abstract]) AND (prostate cancer[Title/Abstract])
DNA,solid tumors,2026-09-14T05:13:02.998805+00:00,1.0,1.0,0.6073446327683616,True,0,complete,4779,293,1161,2026-09-14,2023-01-01,(DNA[Title/Abstract]) AND (solid tumors[Title/Abstract])
EGFR,breast cancer,2026-09-14T05:13:07.450069+00:00,1.0,1.0,0.5023817925194072,True,0,complete,5668,137,1139,2026-09-14,2023-01-01,(EGFR[Title/Abstract]) AND (breast cancer[Title/Abstract])
EGFR,cancer nos,2026-09-14T05:13:08.531181+00:00,0.001,0.0,0.0,True,0,complete,1,0,0,2026-09-14,2023-01-01,(EGFR[Title/Abstract]) AND (cancer nos[Title/Abstract])
EGFR,colorectal cancer,2026-09-14T05:13:10.154208+00:00,1.0,1.0,0.5998509687034277,True,0,complete,4697,318,1127,2026-09-14,2023-01-01,(EGFR[Title/Abstract]) AND (colorectal cancer[Title/Abstract])
EGFR,gastric cancer,2026-09-14T05:13:11.198690+00:00,0.959,0.27,0.4744525547445255,True,0,complete,959,27,182,2026-09-14,2023-01-01,(EGFR[Title/Abstract]) AND (gastric cancer[Title/Abstract])
EGFR,glioblastoma,2026-09-14T05:13:13.261109+00:00,1.0,0.87,0.5761099365750528,True,0,complete,2838,87,654,2026-09-14,2023-01-01,(EGFR[Title/Abstract]) AND (glioblastoma[Title/Abstract])
EGFR,hepatocellular carcinoma,2026-09-14T05:13:14.274681+00:00,1.0,0.16,0.7079646017699115,True,0,complete,1017,16,288,2026-09-14,2023-01-01,(EGFR[Title/Abstract]) AND (hepatocellular carcinoma[Title/Abstract])
EGFR,hnscc,2026-09-14T05:13:15.427338+00:00,1.0,0.7,0.4633360193392425,True,0,complete,1241,70,230,2026-09-14,2023-01-01,(EGFR[Title/Abstract]) AND (hnscc[Title/Abstract])
EGFR,multiple myeloma,2026-09-14T05:13:16.776536+00:00,0.201,0.12,0.8830845771144278,True,0,complete,201,12,71,2026-09-14,2023-01-01,(EGFR[Title/Abstract]) AND (multiple myeloma[Title/Abstract])
EGFR,nsclc,2026-09-14T05:13:17.974253+00:00,1.0,1.0,0.7803305371228245,True,0,complete,15974,1120,4986,2026-09-14,2023-01-01,(EGFR[Title/Abstract]) AND (nsclc[Title/Abstract])
EGFR,ovarian cancer,2026-09-14T05:13:19.067180+00:00,0.789,0.19,0.4594423320659062,True,0,complete,789,19,145,2026-09-14,2023-01-01,(EGFR[Title/Abstract]) AND (ovarian cancer[Title/Abstract])
EGFR,pancreatic cancer,2026-09-14T05:13:20.295888+00:00,1.0,0.51,0.5248756218905473,True,0,complete,1005,51,211,2026-09-14,2023-01-01,(EGFR[Title/Abstract]) AND (pancreatic cancer[Title/Abstract])
EGFR,prostate cancer,2026-09-14T05:13:21.498350+00:00,0.951,0.17,0.5257623554153522,True,0,complete,951,17,200,2026-09-14,2023-01-01,(EGFR[Title/Abstract]) AND (prostate cancer[Title/Abstract])
EGFR,renal cell carcinoma,2026-09-14T05:13:22.735057+00:00,0.681,0.12,0.7709251101321585,True,0,complete,681,12,210,2026-09-14,2023-01-01,(EGFR[Title/Abstract]) AND (renal cell carcinoma[Title/Abstract])
EGFR,solid tumors,2026-09-14T05:13:24.073138+00:00,1.0,1.0,0.608843537414966,True,0,complete,1470,214,358,2026-09-14,2023-01-01,(EGFR[Title/Abstract]) AND (solid tumors[Title/Abstract])
ERBB2,bladder cancer,2026-09-14T05:13:25.261727+00:00,0.204,0.03,0.6862745098039215,True,0,complete,204,3,56,2026-09-14,2023-01-01,(ERBB2[Title/Abstract]) AND (bladder cancer[Title/Abstract])
ERBB2,breast cancer,2026-09-14T05:13:26.346501+00:00,1.0,1.0,0.38055624534392846,True,0,complete,4027,188,613,2026-09-14,2023-01-01,(ERBB2[Title/Abstract]) AND (breast cancer[Title/Abstract])
ERBB2,cancer nos,2026-09-14T05:13:27.943610+00:00,0.0,0.0,0.0,True,0,complete,0,0,0,2026-09-14,2023-01-01,(ERBB2[Title/Abstract]) AND (cancer nos[Title/Abstract])
ERBB2,colorectal cancer,2026-09-14T05:13:29.156341+00:00,0.339,0.29,0.8997050147492626,True,0,complete,339,29,122,2026-09-14,2023-01-01,(ERBB2[Title/Abstract]) AND (colorectal cancer[Title/Abstract])
ERBB2,gastric cancer,2026-09-14T05:13:30.515356+00:00,0.406,0.16,0.708128078817734,True,0,complete,406,16,115,2026-09-14,2023-01-01,(ERBB2[Title/Abstract]) AND (gastric cancer[Title/Abstract])
ERBB2,leukemia,2026-09-14T05:13:31.576101+00:00,0.162,0.06,0.38580246913580246,True,0,complete,162,6,25,2026-09-14,2023-01-01,(ERBB2[Title/Abstract]) AND (leukemia[Title/Abstract])
ERBB2,nsclc,2026-09-14T05:13:33.332847+00:00,0.503,0.19,0.8996023856858846,True,0,complete,503,19,181,2026-09-14,2023-01-01,(ERBB2[Title/Abstract]) AND (nsclc[Title/Abstract])
ERBB2,ovarian cancer,2026-09-14T05:13:34.704791+00:00,0.293,0.05,0.4180887372013652,True,0,complete,293,5,49,2026-09-14,2023-01-01,(ERBB2[Title/Abstract]) AND (ovarian cancer[Title/Abstract])
ERBB2,pancreatic cancer,2026-09-14T05:13:35.767199+00:00,0.109,0.05,0.5504587155963303,True,0,complete,109,5,24,2026-09-14,2023-01-01,(ERBB2[Title/Abstract]) AND (pancreatic cancer[Title/Abstract])
ERBB2,prostate cancer,2026-09-14T05:13:36.979783+00:00,0.17,0.04,0.3382352941176471,True,0,complete,170,4,23,2026-09-14,2023-01-01,(ERBB2[Title/Abstract]) AND (prostate cancer[Title/Abstract])
ERBB2,solid tumors,2026-09-14T05:13:38.227259+00:00,0.237,0.29,0.7172995780590716,True,0,complete,237,29,68,2026-09-14,2023-01-01,(ERBB2[Title/Abstract]) AND (solid tumors[Title/Abstract])
ESR1,bladder cancer,2026-09-14T05:13:39.453671+00:00,0.026,0.0,1.0,True,0,complete,26,0,11,2026-09-14,2023-01-01,(ESR1[Title/Abstract]) AND (bladder cancer[Title/Abstract])
ESR1,breast cancer,2026-09-14T05:13:41.043440+00:00,1.0,1.0,0.9342650103519667,True,0,complete,1932,111,722,2026-09-14,2023-01-01,(ESR1[Title/Abstract]) AND (breast cancer[Title/Abstract])
ESR1,cancer nos,2026-09-14T05:13:42.099608+00:00,0.0,0.0,0.0,True,0,complete,0,0,0,2026-09-14,2023-01-01,(ESR1[Title/Abstract]) AND (cancer nos[Title/Abstract])
ESR1,pancreatic cancer,2026-09-14T05:13:43.214646+00:00,0.019,0.0,1.0,True,0,complete,19,0,9,2026-09-14,2023-01-01,(ESR1[Title/Abstract]) AND (pancreatic cancer[Title/Abstract])
JAK1,breast cancer,2026-09-14T05:13:44.431015+00:00,0.147,0.06,0.8163265306122448,True,0,complete,147,6,48,2026-09-14,2023-01-01,(JAK1[Title/Abstract]) AND (breast cancer[Title/Abstract])
JAK1,cancer nos,2026-09-14T05:13:45.651653+00:00,0.0,0.0,0.0,True,0,complete,0,0,0,2026-09-14,2023-01-01,(JAK1[Title/Abstract]) AND (cancer nos[Title/Abstract])
JAK1,leukemia,2026-09-14T05:13:46.844761+00:00,0.402,0.19,0.4850746268656716,True,0,complete,402,19,78,2026-09-14,2023-01-01,(JAK1[Title/Abstract]) AND (leukemia[Title/Abstract])
JAK1,lymphoma,2026-09-14T05:13:48.058829+00:00,0.192,0.1,0.7031249999999999,True,0,complete,192,10,54,2026-09-14,2023-01-01,(JAK1[Title/Abstract]) AND (lymphoma[Title/Abstract])
JAK1,pancreatic cancer,2026-09-14T05:13:49.278482+00:00,0.045,0.04,0.8333333333333334,True,0,complete,45,4,15,2026-09-14,2023-01-01,(JAK1[Title/Abstract]) AND (pancreatic cancer[Title/Abstract])
JAK1,prostate cancer,2026-09-14T05:13:50.518685+00:00,0.052,0.01,0.7211538461538461,True,0,complete,52,1,15,2026-09-14,2023-01-01,(JAK1[Title/Abstract]) AND (prostate cancer[Title/Abstract])
KDR,breast cancer,2026-09-14T05:13:51.701468+00:00,0.124,0.02,0.4435483870967742,True,0,complete,124,2,22,2026-09-14,2023-01-01,(KDR[Title/Abstract]) AND (breast cancer[Title/Abstract])
KDR,cancer nos,2026-09-14T05:13:52.887310+00:00,0.0,0.0,0.0,True,0,complete,0,0,0,2026-09-14,2023-01-01,(KDR[Title/Abstract]) AND (cancer nos[Title/Abstract])
KDR,colorectal cancer,2026-09-14T05:13:54.138974+00:00,0.067,0.05,0.5597014925373134,True,0,complete,67,5,15,2026-09-14,2023-01-01,(KDR[Title/Abstract]) AND (colorectal cancer[Title/Abstract])
KDR,gastric cancer,2026-09-14T05:13:55.361143+00:00,0.037,0.0,0.6081081081081081,True,0,complete,37,0,9,2026-09-14,2023-01-01,(KDR[Title/Abstract]) AND (gastric cancer[Title/Abstract])
KDR,nsclc,2026-09-14T05:13:56.573668+00:00,0.043,0.03,0.1744186046511628,True,0,complete,43,3,3,2026-09-14,2023-01-01,(KDR[Title/Abstract]) AND (nsclc[Title/Abstract])
KRAS,cancer nos,2026-09-14T05:13:57.758124+00:00,0.0,0.0,0.0,True,0,complete,0,0,0,2026-09-14,2023-01-01,(KRAS[Title/Abstract]) AND (cancer nos[Title/Abstract])
KRAS,colorectal cancer,2026-09-14T05:13:58.969414+00:00,1.0,1.0,0.5719476744186046,True,0,complete,6880,464,1574,2026-09-14,2023-01-01,(KRAS[Title/Abstract]) AND (colorectal cancer[Title/Abstract])
KRAS,nsclc,2026-09-14T05:14:00.190642+00:00,1.0,1.0,0.8708751793400287,True,0,complete,3485,171,1214,2026-09-14,2023-01-01,(KRAS[Title/Abstract]) AND (nsclc[Title/Abstract])
KRAS,solid tumors,2026-09-14T05:14:01.403097+00:00,0.652,0.93,0.9854294478527607,True,0,complete,652,93,257,2026-09-14,2023-01-01,(KRAS[Title/Abstract]) AND (solid tumors[Title/Abstract])
MAP2K1,breast cancer,2026-09-14T05:14:02.609295+00:00,0.021,0.0,1.0,True,0,complete,21,0,12,2026-09-14,2023-01-01,(MAP2K1[Title/Abstract]) AND (breast cancer[Title/Abstract])
MAP2K1,colorectal cancer,2026-09-14T05:14:03.827547+00:00,0.057,0.06,1.0,True,0,complete,57,6,24,2026-09-14,2023-01-01,(MAP2K1[Title/Abstract]) AND (colorectal cancer[Title/Abstract])
MAP2K1,leukemia,2026-09-14T05:14:04.999886+00:00,0.056,0.0,0.7142857142857142,True,0,complete,56,0,16,2026-09-14,2023-01-01,(MAP2K1[Title/Abstract]) AND (leukemia[Title/Abstract])
MAP2K1,melanoma,2026-09-14T05:14:06.231944+00:00,0.067,0.01,0.9701492537313433,True,0,complete,67,1,26,2026-09-14,2023-01-01,(MAP2K1[Title/Abstract]) AND (melanoma[Title/Abstract])
MAP2K1,multiple myeloma,2026-09-14T05:14:07.444164+00:00,0.0,0.0,0.0,True,0,complete,0,0,0,2026-09-14,2023-01-01,(MAP2K1[Title/Abstract]) AND (multiple myeloma[Title/Abstract])
MAP2K1,nsclc,2026-09-14T05:14:08.644392+00:00,0.035,0.01,0.7142857142857143,True,0,complete,35,1,10,2026-09-14,2023-01-01,(MAP2K1[Title/Abstract]) AND (nsclc[Title/Abstract])
MAP2K1,solid tumors,2026-09-14T05:14:09.867868+00:00,0.009,0.01,1.0,True,0,complete,9,1,6,2026-09-14,2023-01-01,(MAP2K1[Title/Abstract]) AND (solid tumors[Title/Abstract])
MET,cancer nos,2026-09-14T05:14:11.099119+00:00,0.001,0.0,0.0,True,0,complete,1,0,0,2026-09-14,2023-01-01,(MET[Title/Abstract]) AND (cancer nos[Title/Abstract])
MET,cervical cancer,2026-09-14T05:14:12.284974+00:00,1.0,0.47,0.9145129224652087,True,0,complete,1006,47,368,2026-09-14,2023-01-01,(MET[Title/Abstract]) AND (cervical cancer[Title/Abstract])
MET,endometrial cancer,2026-09-14T05:14:13.507331+00:00,0.608,0.35,0.8388157894736842,True,0,complete,608,35,204,2026-09-14,2023-01-01,(MET[Title/Abstract]) AND (endometrial cancer[Title/Abstract])
MET,hepatocellular carcinoma,2026-09-14T05:14:14.710990+00:00,1.0,0.92,0.6882295719844357,True,0,complete,2056,92,566,2026-09-14,2023-01-01,(MET[Title/Abstract]) AND (hepatocellular carcinoma[Title/Abstract])
MET,lymphoma,2026-09-14T05:14:15.990093+00:00,1.0,1.0,0.7205882352941176,True,0,complete,1870,169,539,2026-09-14,2023-01-01,(MET[Title/Abstract]) AND (lymphoma[Title/Abstract])
MET,nsclc,2026-09-14T05:14:17.161711+00:00,1.0,1.0,0.9446064139941691,True,0,complete,3430,338,1296,2026-09-14,2023-01-01,(MET[Title/Abstract]) AND (nsclc[Title/Abstract])
MET,renal cell carcinoma,2026-09-14T05:14:18.329154+00:00,0.933,0.76,0.6939978563772775,True,0,complete,933,76,259,2026-09-14,2023-01-01,(MET[Title/Abstract]) AND (renal cell carcinoma[Title/Abstract])
MS4A1,cancer nos,2026-09-14T05:14:19.541366+00:00,0.0,0.0,0.0,True,0,complete,0,0,0,2026-09-14,2023-01-01,(MS4A1[Title/Abstract]) AND (cancer nos[Title/Abstract])
MS4A1,leukemia,2026-09-14T05:14:20.763971+00:00,0.015,0.01,1.0,True,0,complete,15,1,7,2026-09-14,2023-01-01,(MS4A1[Title/Abstract]) AND (leukemia[Title/Abstract])
MS4A1,lymphoma,2026-09-14T05:14:21.957455+00:00,0.029,0.0,0.9482758620689654,True,0,complete,29,0,11,2026-09-14,2023-01-01,(MS4A1[Title/Abstract]) AND (lymphoma[Title/Abstract])
MS4A1,multiple myeloma,2026-09-14T05:14:23.181179+00:00,0.001,0.0,0.0,True,0,complete,1,0,0,2026-09-14,2023-01-01,(MS4A1[Title/Abstract]) AND (multiple myeloma[Title/Abstract])
MTOR,breast cancer,2026-09-14T05:14:24.582794+00:00,1.0,1.0,0.7630522088353414,True,0,complete,3735,105,1140,2026-09-14,2023-01-01,(MTOR[Title/Abstract]) AND (breast cancer[Title/Abstract])
MTOR,cancer nos,2026-09-14T05:14:25.784918+00:00,0.0,0.0,0.0,True,0,complete,0,0,0,2026-09-14,2023-01-01,(MTOR[Title/Abstract]) AND (cancer nos[Title/Abstract])
MTOR,endometrial cancer,2026-09-14T05:14:27.007138+00:00,0.383,0.28,0.7571801566579633,True,0,complete,383,28,116,2026-09-14,2023-01-01,(MTOR[Title/Abstract]) AND (endometrial cancer[Title/Abstract])
MTOR,glioblastoma,2026-09-14T05:14:28.379615+00:00,1.0,0.28,0.7057416267942583,True,0,complete,1045,28,295,2026-09-14,2023-01-01,(MTOR[Title/Abstract]) AND (glioblastoma[Title/Abstract])
MTOR,hepatocellular carcinoma,2026-09-14T05:14:29.588568+00:00,1.0,0.2,0.8319935691318326,True,0,complete,1866,20,621,2026-09-14,2023-01-01,(MTOR[Title/Abstract]) AND (hepatocellular carcinoma[Title/Abstract])
MTOR,hnscc,2026-09-14T05:14:30.800821+00:00,0.325,0.13,0.6,True,0,complete,325,13,78,2026-09-14,2023-01-01,(MTOR[Title/Abstract]) AND (hnscc[Title/Abstract])
MTOR,leukemia,2026-09-14T05:14:32.296790+00:00,1.0,0.25,0.5769230769230769,True,0,complete,1534,25,354,2026-09-14,2023-01-01,(MTOR[Title/Abstract]) AND (leukemia[Title/Abstract])
MTOR,melanoma,2026-09-14T05:14:33.374669+00:00,0.882,0.08,0.691609977324263,True,0,complete,882,8,244,2026-09-14,2023-01-01,(MTOR[Title/Abstract]) AND (melanoma[Title/Abstract])
MTOR,multiple myeloma,2026-09-14T05:14:35.438794+00:00,0.303,0.08,0.5033003300330033,True,0,complete,303,8,61,2026-09-14,2023-01-01,(MTOR[Title/Abstract]) AND (multiple myeloma[Title/Abstract])
MTOR,nsclc,2026-09-14T05:14:36.442033+00:00,1.0,0.17,0.7460474308300395,True,0,complete,1012,17,302,2026-09-14,2023-01-01,(MTOR[Title/Abstract]) AND (nsclc[Title/Abstract])
MTOR,pancreatic cancer,2026-09-14T05:14:37.684158+00:00,0.67,0.15,0.7350746268656716,True,0,complete,670,15,197,2026-09-14,2023-01-01,(MTOR[Title/Abstract]) AND (pancreatic cancer[Title/Abstract])
MTOR,prostate cancer,2026-09-14T05:14:38.804109+00:00,1.0,0.29,0.6206140350877193,True,0,complete,1140,29,283,2026-09-14,2023-01-01,(MTOR[Title/Abstract]) AND (prostate cancer[Title/Abstract])
MTOR,renal cell carcinoma,2026-09-14T05:14:40.366298+00:00,1.0,0.63,0.5265814266487214,True,0,complete,1486,63,313,2026-09-14,2023-01-01,(MTOR[Title/Abstract]) AND (renal cell carcinoma[Title/Abstract])
MTOR,solid tumors,2026-09-14T05:14:41.556182+00:00,0.638,1.0,0.5250783699059561,True,0,complete,638,111,134,2026-09-14,2023-01-01,(MTOR[Title/Abstract]) AND (solid tumors[Title/Abstract])
NECTIN4,bladder cancer,2026-09-14T05:14:42.780606+00:00,0.112,0.02,1.0,True,0,complete,112,2,86,2026-09-14,2023-01-01,(NECTIN4[Title/Abstract]) AND (bladder cancer[Title/Abstract])
NECTIN4,cancer nos,2026-09-14T05:14:43.978318+00:00,0.0,0.0,0.0,True,0,complete,0,0,0,2026-09-14,2023-01-01,(NECTIN4[Title/Abstract]) AND (cancer nos[Title/Abstract])
NECTIN4,solid tumors,2026-09-14T05:14:45.407743+00:00,0.05,0.05,1.0,True,0,complete,50,5,35,2026-09-14,2023-01-01,(NECTIN4[Title/Abstract]) AND (solid tumors[Title/Abstract])
NTRK1,nsclc,2026-09-14T05:14:46.783798+00:00,0.103,0.03,1.0,True,0,complete,103,3,55,2026-09-14,2023-01-01,(NTRK1[Title/Abstract]) AND (nsclc[Title/Abstract])
PARP1,breast cancer,2026-09-14T05:14:48.044900+00:00,0.836,0.08,0.8642344497607655,True,0,complete,836,8,289,2026-09-14,2023-01-01,(PARP1[Title/Abstract]) AND (breast cancer[Title/Abstract])
PARP1,cancer nos,2026-09-14T05:14:49.087189+00:00,0.0,0.0,0.0,True,0,complete,0,0,0,2026-09-14,2023-01-01,(PARP1[Title/Abstract]) AND (cancer nos[Title/Abstract])
PARP1,cervical cancer,2026-09-14T05:14:50.246817+00:00,0.087,0.0,0.7471264367816091,True,0,complete,87,0,26,2026-09-14,2023-01-01,(PARP1[Title/Abstract]) AND (cervical cancer[Title/Abstract])
PARP1,colorectal cancer,2026-09-14T05:14:51.497773+00:00,0.193,0.01,1.0,True,0,complete,193,1,80,2026-09-14,2023-01-01,(PARP1[Title/Abstract]) AND (colorectal cancer[Title/Abstract])
PARP1,endometrial cancer,2026-09-14T05:14:52.783500+00:00,0.019,0.0,0.7894736842105262,True,0,complete,19,0,6,2026-09-14,2023-01-01,(PARP1[Title/Abstract]) AND (endometrial cancer[Title/Abstract])
PARP1,hnscc,2026-09-14T05:14:53.877851+00:00,0.028,0.0,0.7142857142857142,True,0,complete,28,0,8,2026-09-14,2023-01-01,(PARP1[Title/Abstract]) AND (hnscc[Title/Abstract])
PARP1,leukemia,2026-09-14T05:14:55.169649+00:00,0.293,0.04,0.5802047781569966,True,0,complete,293,4,68,2026-09-14,2023-01-01,(PARP1[Title/Abstract]) AND (leukemia[Title/Abstract])
PARP1,melanoma,2026-09-14T05:14:56.742933+00:00,0.124,0.05,0.7056451612903225,True,0,complete,124,5,35,2026-09-14,2023-01-01,(PARP1[Title/Abstract]) AND (melanoma[Title/Abstract])
PARP1,nsclc,2026-09-14T05:14:58.512522+00:00,0.104,0.02,0.8413461538461539,True,0,complete,104,2,35,2026-09-14,2023-01-01,(PARP1[Title/Abstract]) AND (nsclc[Title/Abstract])
PARP1,ovarian cancer,2026-09-14T05:14:59.598695+00:00,0.311,0.07,0.7877813504823151,True,0,complete,311,7,98,2026-09-14,2023-01-01,(PARP1[Title/Abstract]) AND (ovarian cancer[Title/Abstract])
PARP1,pancreatic cancer,2026-09-14T05:15:00.973121+00:00,0.117,0.0,0.6196581196581196,True,0,complete,117,0,29,2026-09-14,2023-01-01,(PARP1[Title/Abstract]) AND (pancreatic cancer[Title/Abstract])
PARP1,prostate cancer,2026-09-14T05:15:02.136279+00:00,0.213,0.04,0.8450704225352113,True,0,complete,213,4,72,2026-09-14,2023-01-01,(PARP1[Title/Abstract]) AND (prostate cancer[Title/Abstract])
PARP1,solid tumors,2026-09-14T05:15:03.360073+00:00,0.093,0.11,0.8333333333333333,True,0,complete,93,11,31,2026-09-14,2023-01-01,(PARP1[Title/Abstract]) AND (solid tumors[Title/Abstract])
PDCD1,bladder cancer,2026-09-14T05:15:04.566015+00:00,0.02,0.01,1.0,True,0,complete,20,1,9,2026-09-14,2023-01-01,(PDCD1[Title/Abstract]) AND (bladder cancer[Title/Abstract])
PDCD1,breast cancer,2026-09-14T05:15:05.765590+00:00,0.065,0.01,1.0,True,0,complete,65,1,37,2026-09-14,2023-01-01,(PDCD1[Title/Abstract]) AND (breast cancer[Title/Abstract])
PDCD1,cancer nos,2026-09-14T05:15:06.982540+00:00,0.0,0.0,0.0,True,0,complete,0,0,0,2026-09-14,2023-01-01,(PDCD1[Title/Abstract]) AND (cancer nos[Title/Abstract])
PDCD1,cervical cancer,2026-09-14T05:15:08.219678+00:00,0.019,0.0,1.0,True,0,complete,19,0,9,2026-09-14,2023-01-01,(PDCD1[Title/Abstract]) AND (cervical cancer[Title/Abstract])
PDCD1,colorectal cancer,2026-09-14T05:15:09.440854+00:00,0.057,0.0,1.0,True,0,complete,57,0,28,2026-09-14,2023-01-01,(PDCD1[Title/Abstract]) AND (colorectal cancer[Title/Abstract])
PDCD1,endometrial cancer,2026-09-14T05:15:10.659352+00:00,0.01,0.0,1.0,True,0,complete,10,0,7,2026-09-14,2023-01-01,(PDCD1[Title/Abstract]) AND (endometrial cancer[Title/Abstract])
PDCD1,gastric cancer,2026-09-14T05:15:11.812950+00:00,0.029,0.0,1.0,True,0,complete,29,0,19,2026-09-14,2023-01-01,(PDCD1[Title/Abstract]) AND (gastric cancer[Title/Abstract])
PDCD1,glioblastoma,2026-09-14T05:15:13.072623+00:00,0.022,0.0,1.0,True,0,complete,22,0,15,2026-09-14,2023-01-01,(PDCD1[Title/Abstract]) AND (glioblastoma[Title/Abstract])
PDCD1,hepatocellular carcinoma,2026-09-14T05:15:14.269631+00:00,0.09,0.0,1.0,True,0,complete,90,0,52,2026-09-14,2023-01-01,(PDCD1[Title/Abstract]) AND (hepatocellular carcinoma[Title/Abstract])
PDCD1,hnscc,2026-09-14T05:15:15.480408+00:00,0.018,0.0,1.0,True,0,complete,18,0,9,2026-09-14,2023-01-01,(PDCD1[Title/Abstract]) AND (hnscc[Title/Abstract])
PDCD1,leukemia,2026-09-14T05:15:16.730726+00:00,0.033,0.0,1.0,True,0,complete,33,0,15,2026-09-14,2023-01-01,(PDCD1[Title/Abstract]) AND (leukemia[Title/Abstract])
PDCD1,lymphoma,2026-09-14T05:15:17.902041+00:00,0.049,0.0,0.9183673469387754,True,0,complete,49,0,18,2026-09-14,2023-01-01,(PDCD1[Title/Abstract]) AND (lymphoma[Title/Abstract])
PDCD1,melanoma,2026-09-14T05:15:19.112851+00:00,0.075,0.0,0.8,True,0,complete,75,0,24,2026-09-14,2023-01-01,(PDCD1[Title/Abstract]) AND (melanoma[Title/Abstract])
PDCD1,multiple myeloma,2026-09-14T05:15:20.321704+00:00,0.006,0.01,0.0,True,0,complete,6,1,0,2026-09-14,2023-01-01,(PDCD1[Title/Abstract]) AND (multiple myeloma[Title/Abstract])
PDCD1,nsclc,2026-09-14T05:15:21.521162+00:00,0.032,0.0,1.0,True,0,complete,32,0,17,2026-09-14,2023-01-01,(PDCD1[Title/Abstract]) AND (nsclc[Title/Abstract])
PDCD1,ovarian cancer,2026-09-14T05:15:22.717922+00:00,0.017,0.0,1.0,True,0,complete,17,0,10,2026-09-14,2023-01-01,(PDCD1[Title/Abstract]) AND (ovarian cancer[Title/Abstract])
PDCD1,pancreatic cancer,2026-09-14T05:15:23.976141+00:00,0.013,0.0,1.0,True,0,complete,13,0,8,2026-09-14,2023-01-01,(PDCD1[Title/Abstract]) AND (pancreatic cancer[Title/Abstract])
PDCD1,prostate cancer,2026-09-14T05:15:25.138718+00:00,0.01,0.0,1.0,True,0,complete,10,0,5,2026-09-14,2023-01-01,(PDCD1[Title/Abstract]) AND (prostate cancer[Title/Abstract])
PDCD1,renal cell carcinoma,2026-09-14T05:15:26.378901+00:00,0.035,0.0,1.0,True,0,complete,35,0,16,2026-09-14,2023-01-01,(PDCD1[Title/Abstract]) AND (renal cell carcinoma[Title/Abstract])
PDCD1,solid tumors,2026-09-14T05:15:27.583353+00:00,0.02,0.0,1.0,True,0,complete,20,0,11,2026-09-14,2023-01-01,(PDCD1[Title/Abstract]) AND (solid tumors[Title/Abstract])
PDCD1,thyroid cancer,2026-09-14T05:15:29.919862+00:00,0.007,0.0,1.0,True,0,complete,7,0,5,2026-09-14,2023-01-01,(PDCD1[Title/Abstract]) AND (thyroid cancer[Title/Abstract])
PIK3CA,breast cancer,2026-09-14T05:15:32.282827+00:00,1.0,1.0,0.9390862944162436,True,0,complete,2167,186,814,2026-09-14,2023-01-01,(PIK3CA[Title/Abstract]) AND (breast cancer[Title/Abstract])
PIK3CA,colorectal cancer,2026-09-14T05:15:33.482691+00:00,1.0,0.65,0.6367713004484304,True,0,complete,1115,65,284,2026-09-14,2023-01-01,(PIK3CA[Title/Abstract]) AND (colorectal cancer[Title/Abstract])
PSMB5,bladder cancer,2026-09-14T05:15:34.697485+00:00,0.003,0.0,1.0,True,0,complete,3,0,3,2026-09-14,2023-01-01,(PSMB5[Title/Abstract]) AND (bladder cancer[Title/Abstract])
PSMB5,breast cancer,2026-09-14T05:15:36.059300+00:00,0.013,0.0,0.5769230769230769,True,0,complete,13,0,3,2026-09-14,2023-01-01,(PSMB5[Title/Abstract]) AND (breast cancer[Title/Abstract])
PSMB5,cancer nos,2026-09-14T05:15:37.157016+00:00,0.0,0.0,0.0,True,0,complete,0,0,0,2026-09-14,2023-01-01,(PSMB5[Title/Abstract]) AND (cancer nos[Title/Abstract])
PSMB5,gastric cancer,2026-09-14T05:15:38.346405+00:00,0.002,0.0,0.0,True,0,complete,2,0,0,2026-09-14,2023-01-01,(PSMB5[Title/Abstract]) AND (gastric cancer[Title/Abstract])
PSMB5,hepatocellular carcinoma,2026-09-14T05:15:39.578210+00:00,0.007,0.0,1.0,True,0,complete,7,0,5,2026-09-14,2023-01-01,(PSMB5[Title/Abstract]) AND (hepatocellular carcinoma[Title/Abstract])
PSMB5,leukemia,2026-09-14T05:15:40.776029+00:00,0.012,0.0,0.20833333333333331,True,0,complete,12,0,1,2026-09-14,2023-01-01,(PSMB5[Title/Abstract]) AND (leukemia[Title/Abstract])
PSMB5,lymphoma,2026-09-14T05:15:42.168021+00:00,0.01,0.0,0.75,True,0,complete,10,0,3,2026-09-14,2023-01-01,(PSMB5[Title/Abstract]) AND (lymphoma[Title/Abstract])
PSMB5,multiple myeloma,2026-09-14T05:15:43.225962+00:00,0.033,0.02,0.7575757575757576,True,0,complete,33,2,10,2026-09-14,2023-01-01,(PSMB5[Title/Abstract]) AND (multiple myeloma[Title/Abstract])
PSMB5,nsclc,2026-09-14T05:15:44.445038+00:00,0.001,0.0,1.0,True,0,complete,1,0,1,2026-09-14,2023-01-01,(PSMB5[Title/Abstract]) AND (nsclc[Title/Abstract])
RRM1,bladder cancer,2026-09-14T05:15:45.623830+00:00,0.012,0.0,0.41666666666666663,True,0,complete,12,0,2,2026-09-14,2023-01-01,(RRM1[Title/Abstract]) AND (bladder cancer[Title/Abstract])
RRM1,breast cancer,2026-09-14T05:15:46.855738+00:00,0.057,0.05,0.17543859649122806,True,0,complete,57,5,4,2026-09-14,2023-01-01,(RRM1[Title/Abstract]) AND (breast cancer[Title/Abstract])
RRM1,cancer nos,2026-09-14T05:15:48.095799+00:00,0.0,0.0,0.0,True,0,complete,0,0,0,2026-09-14,2023-01-01,(RRM1[Title/Abstract]) AND (cancer nos[Title/Abstract])
RRM1,cervical cancer,2026-09-14T05:15:49.283449+00:00,0.002,0.0,0.0,True,0,complete,2,0,0,2026-09-14,2023-01-01,(RRM1[Title/Abstract]) AND (cervical cancer[Title/Abstract])
RRM1,hepatocellular carcinoma,2026-09-14T05:15:50.494993+00:00,0.01,0.01,1.0,True,0,complete,10,1,5,2026-09-14,2023-01-01,(RRM1[Title/Abstract]) AND (hepatocellular carcinoma[Title/Abstract])
RRM1,leukemia,2026-09-14T05:15:51.719262+00:00,0.021,0.01,0.5952380952380952,True,0,complete,21,1,5,2026-09-14,2023-01-01,(RRM1[Title/Abstract]) AND (leukemia[Title/Abstract])
RRM1,lymphoma,2026-09-14T05:15:52.901601+00:00,0.012,0.01,0.6249999999999999,True,0,complete,12,1,3,2026-09-14,2023-01-01,(RRM1[Title/Abstract]) AND (lymphoma[Title/Abstract])
RRM1,melanoma,2026-09-14T05:15:54.113802+00:00,0.003,0.0,0.8333333333333333,True,0,complete,3,0,1,2026-09-14,2023-01-01,(RRM1[Title/Abstract]) AND (melanoma[Title/Abstract])
RRM1,nsclc,2026-09-14T05:15:55.335713+00:00,0.155,0.15,0.11290322580645161,True,0,complete,155,15,7,2026-09-14,2023-01-01,(RRM1[Title/Abstract]) AND (nsclc[Title/Abstract])
RRM1,ovarian cancer,2026-09-14T05:15:56.536871+00:00,0.01,0.0,0.5,True,0,complete,10,0,2,2026-09-14,2023-01-01,(RRM1[Title/Abstract]) AND (ovarian cancer[Title/Abstract])
RRM1,pancreatic cancer,2026-09-14T05:15:57.749409+00:00,0.072,0.02,0.5555555555555556,True,0,complete,72,2,16,2026-09-14,2023-01-01,(RRM1[Title/Abstract]) AND (pancreatic cancer[Title/Abstract])
RRM1,renal cell carcinoma,2026-09-14T05:15:58.990117+00:00,0.006,0.0,0.8333333333333333,True,0,complete,6,0,2,2026-09-14,2023-01-01,(RRM1[Title/Abstract]) AND (renal cell carcinoma[Title/Abstract])
RRM1,solid tumors,2026-09-14T05:16:00.241679+00:00,0.014,0.01,0.3571428571428571,True,0,complete,14,1,2,2026-09-14,2023-01-01,(RRM1[Title/Abstract]) AND (solid tumors[Title/Abstract])
RRM1,thyroid cancer,2026-09-14T05:16:01.387032+00:00,0.0,0.0,0.0,True,0,complete,0,0,0,2026-09-14,2023-01-01,(RRM1[Title/Abstract]) AND (thyroid cancer[Title/Abstract])
SMO,breast cancer,2026-09-14T05:16:02.589507+00:00,0.083,0.02,0.39156626506024095,True,0,complete,83,2,13,2026-09-14,2023-01-01,(SMO[Title/Abstract]) AND (breast cancer[Title/Abstract])
TACSTD2,breast cancer,2026-09-14T05:16:03.876393+00:00,0.021,0.0,0.8333333333333333,True,0,complete,21,0,7,2026-09-14,2023-01-01,(TACSTD2[Title/Abstract]) AND (breast cancer[Title/Abstract])
TACSTD2,cancer nos,2026-09-14T05:16:04.984525+00:00,0.0,0.0,0.0,True,0,complete,0,0,0,2026-09-14,2023-01-01,(TACSTD2[Title/Abstract]) AND (cancer nos[Title/Abstract])
TACSTD2,solid tumors,2026-09-14T05:16:06.218563+00:00,0.009,0.0,1.0,True,0,complete,9,0,6,2026-09-14,2023-01-01,(TACSTD2[Title/Abstract]) AND (solid tumors[Title/Abstract])
TNFRSF8,cancer nos,2026-09-14T05:16:07.476431+00:00,0.0,0.0,0.0,True,0,complete,0,0,0,2026-09-14,2023-01-01,(TNFRSF8[Title/Abstract]) AND (cancer nos[Title/Abstract])
TNFRSF8,lymphoma,2026-09-14T05:16:08.640746+00:00,0.025,0.02,1.0,True,0,complete,25,2,10,2026-09-14,2023-01-01,(TNFRSF8[Title/Abstract]) AND (lymphoma[Title/Abstract])
TOP1,breast cancer,2026-09-14T05:16:09.832346+00:00,0.069,0.03,0.8695652173913043,True,0,complete,69,3,24,2026-09-14,2023-01-01,(TOP1[Title/Abstract]) AND (breast cancer[Title/Abstract])
TOP1,cancer nos,2026-09-14T05:16:11.060222+00:00,0.0,0.0,0.0,True,0,complete,0,0,0,2026-09-14,2023-01-01,(TOP1[Title/Abstract]) AND (cancer nos[Title/Abstract])
TOP1,colorectal cancer,2026-09-14T05:16:12.278128+00:00,0.059,0.0,0.9322033898305084,True,0,complete,59,0,22,2026-09-14,2023-01-01,(TOP1[Title/Abstract]) AND (colorectal cancer[Title/Abstract])
TOP1,gastric cancer,2026-09-14T05:16:13.516171+00:00,0.012,0.0,0.8333333333333333,True,0,complete,12,0,4,2026-09-14,2023-01-01,(TOP1[Title/Abstract]) AND (gastric cancer[Title/Abstract])
TOP1,hepatocellular carcinoma,2026-09-14T05:16:14.750431+00:00,0.01,0.0,0.75,True,0,complete,10,0,3,2026-09-14,2023-01-01,(TOP1[Title/Abstract]) AND (hepatocellular carcinoma[Title/Abstract])
TOP1,lymphoma,2026-09-14T05:16:15.890809+00:00,0.016,0.01,0.78125,True,0,complete,16,1,5,2026-09-14,2023-01-01,(TOP1[Title/Abstract]) AND (lymphoma[Title/Abstract])
TOP1,ovarian cancer,2026-09-14T05:16:17.103789+00:00,0.011,0.0,0.6818181818181818,True,0,complete,11,0,3,2026-09-14,2023-01-01,(TOP1[Title/Abstract]) AND (ovarian cancer[Title/Abstract])
TOP1,solid tumors,2026-09-14T05:16:18.326116+00:00,0.024,0.05,0.8333333333333333,True,0,complete,24,5,8,2026-09-14,2023-01-01,(TOP1[Title/Abstract]) AND (solid tumors[Title/Abstract])
TOP2A,breast cancer,2026-09-14T05:16:19.526172+00:00,0.338,0.21,0.4881656804733727,True,0,complete,338,21,66,2026-09-14,2023-01-01,(TOP2A[Title/Abstract]) AND (breast cancer[Title/Abstract])
TOP2A,cancer nos,2026-09-14T05:16:20.732533+00:00,0.0,0.0,0.0,True,0,complete,0,0,0,2026-09-14,2023-01-01,(TOP2A[Title/Abstract]) AND (cancer nos[Title/Abstract])
TOP2A,cervical cancer,2026-09-14T05:16:21.995115+00:00,0.042,0.01,0.7142857142857143,True,0,complete,42,1,12,2026-09-14,2023-01-01,(TOP2A[Title/Abstract]) AND (cervical cancer[Title/Abstract])
TOP2A,endometrial cancer,2026-09-14T05:16:23.154401+00:00,0.012,0.0,0.41666666666666663,True,0,complete,12,0,2,2026-09-14,2023-01-01,(TOP2A[Title/Abstract]) AND (endometrial cancer[Title/Abstract])
TOP2A,gastric cancer,2026-09-14T05:16:24.352816+00:00,0.037,0.0,0.47297297297297297,True,0,complete,37,0,7,2026-09-14,2023-01-01,(TOP2A[Title/Abstract]) AND (gastric cancer[Title/Abstract])
TOP2A,glioblastoma,2026-09-14T05:16:25.610949+00:00,0.037,0.0,0.7432432432432432,True,0,complete,37,0,11,2026-09-14,2023-01-01,(TOP2A[Title/Abstract]) AND (glioblastoma[Title/Abstract])
TOP2A,hepatocellular carcinoma,2026-09-14T05:16:26.780053+00:00,0.151,0.01,1.0,True,0,complete,151,1,61,2026-09-14,2023-01-01,(TOP2A[Title/Abstract]) AND (hepatocellular carcinoma[Title/Abstract])
TOP2A,leukemia,2026-09-14T05:16:27.985625+00:00,0.035,0.01,0.42857142857142855,True,0,complete,35,1,6,2026-09-14,2023-01-01,(TOP2A[Title/Abstract]) AND (leukemia[Title/Abstract])
TOP2A,lymphoma,2026-09-14T05:16:29.210171+00:00,0.022,0.01,0.6818181818181818,True,0,complete,22,1,6,2026-09-14,2023-01-01,(TOP2A[Title/Abstract]) AND (lymphoma[Title/Abstract])
TOP2A,multiple myeloma,2026-09-14T05:16:30.408507+00:00,0.014,0.01,1.0,True,0,complete,14,1,6,2026-09-14,2023-01-01,(TOP2A[Title/Abstract]) AND (multiple myeloma[Title/Abstract])
TOP2A,ovarian cancer,2026-09-14T05:16:31.621640+00:00,0.041,0.01,0.548780487804878,True,0,complete,41,1,9,2026-09-14,2023-01-01,(TOP2A[Title/Abstract]) AND (ovarian cancer[Title/Abstract])
TOP2A,prostate cancer,2026-09-14T05:16:32.821387+00:00,0.05,0.0,0.9,True,0,complete,50,0,18,2026-09-14,2023-01-01,(TOP2A[Title/Abstract]) AND (prostate cancer[Title/Abstract])
TOP2A,solid tumors,2026-09-14T05:16:34.018109+00:00,0.012,0.0,1.0,True,0,complete,12,0,7,2026-09-14,2023-01-01,(TOP2A[Title/Abstract]) AND (solid tumors[Title/Abstract])
TUBB,bladder cancer,2026-09-14T05:16:35.398834+00:00,0.0,0.0,0.0,True,0,complete,0,0,0,2026-09-14,2023-01-01,(TUBB[Title/Abstract]) AND (bladder cancer[Title/Abstract])
TUBB,breast cancer,2026-09-14T05:16:36.446568+00:00,0.016,0.01,1.0,True,0,complete,16,1,7,2026-09-14,2023-01-01,(TUBB[Title/Abstract]) AND (breast cancer[Title/Abstract])
TUBB,cancer nos,2026-09-14T05:16:37.733268+00:00,0.0,0.0,0.0,True,0,complete,0,0,0,2026-09-14,2023-01-01,(TUBB[Title/Abstract]) AND (cancer nos[Title/Abstract])
TUBB,cervical cancer,2026-09-14T05:16:38.917109+00:00,0.001,0.0,0.0,True,0,complete,1,0,0,2026-09-14,2023-01-01,(TUBB[Title/Abstract]) AND (cervical cancer[Title/Abstract])
TUBB,colorectal cancer,2026-09-14T05:16:40.216347+00:00,0.003,0.0,1.0,True,0,complete,3,0,2,2026-09-14,2023-01-01,(TUBB[Title/Abstract]) AND (colorectal cancer[Title/Abstract])
TUBB,endometrial cancer,2026-09-14T05:16:41.419099+00:00,0.0,0.0,0.0,True,0,complete,0,0,0,2026-09-14,2023-01-01,(TUBB[Title/Abstract]) AND (endometrial cancer[Title/Abstract])
TUBB,gastric cancer,2026-09-14T05:16:43.125803+00:00,0.002,0.0,0.0,True,0,complete,2,0,0,2026-09-14,2023-01-01,(TUBB[Title/Abstract]) AND (gastric cancer[Title/Abstract])
TUBB,hnscc,2026-09-14T05:16:44.351568+00:00,0.001,0.0,0.0,True,0,complete,1,0,0,2026-09-14,2023-01-01,(TUBB[Title/Abstract]) AND (hnscc[Title/Abstract])
TUBB,leukemia,2026-09-14T05:16:46.118370+00:00,0.008,0.01,0.9375,True,0,complete,8,1,3,2026-09-14,2023-01-01,(TUBB[Title/Abstract]) AND (leukemia[Title/Abstract])
TUBB,lymphoma,2026-09-14T05:16:47.330834+00:00,0.003,0.0,0.8333333333333333,True,0,complete,3,0,1,2026-09-14,2023-01-01,(TUBB[Title/Abstract]) AND (lymphoma[Title/Abstract])
TUBB,melanoma,2026-09-14T05:16:48.663329+00:00,0.002,0.0,0.0,True,0,complete,2,0,0,2026-09-14,2023-01-01,(TUBB[Title/Abstract]) AND (melanoma[Title/Abstract])
TUBB,nsclc,2026-09-14T05:16:49.738320+00:00,0.006,0.0,0.41666666666666663,True,0,complete,6,0,1,2026-09-14,2023-01-01,(TUBB[Title/Abstract]) AND (nsclc[Title/Abstract])
TUBB,ovarian cancer,2026-09-14T05:16:50.983464+00:00,0.009,0.0,1.0,True,0,complete,9,0,4,2026-09-14,2023-01-01,(TUBB[Title/Abstract]) AND (ovarian cancer[Title/Abstract])
TUBB,pancreatic cancer,2026-09-14T05:16:52.210333+00:00,0.002,0.0,0.0,True,0,complete,2,0,0,2026-09-14,2023-01-01,(TUBB[Title/Abstract]) AND (pancreatic cancer[Title/Abstract])
TUBB,prostate cancer,2026-09-14T05:16:53.453543+00:00,0.003,0.0,0.8333333333333333,True,0,complete,3,0,1,2026-09-14,2023-01-01,(TUBB[Title/Abstract]) AND (prostate cancer[Title/Abstract])
TUBB,solid tumors,2026-09-14T05:16:54.662349+00:00,0.001,0.0,0.0,True,0,complete,1,0,0,2026-09-14,2023-01-01,(TUBB[Title/Abstract]) AND (solid tumors[Title/Abstract])
TUBB,thyroid cancer,2026-09-14T05:16:55.884215+00:00,0.004,0.0,0.0,True,0,complete,4,0,0,2026-09-14,2023-01-01,(TUBB[Title/Abstract]) AND (thyroid cancer[Title/Abstract])
TYMS,breast cancer,2026-09-14T05:16:57.657578+00:00,0.075,0.02,0.4666666666666667,True,0,complete,75,2,14,2026-09-14,2023-01-01,(TYMS[Title/Abstract]) AND (breast cancer[Title/Abstract])
TYMS,cancer nos,2026-09-14T05:16:58.853196+00:00,0.0,0.0,0.0,True,0,complete,0,0,0,2026-09-14,2023-01-01,(TYMS[Title/Abstract]) AND (cancer nos[Title/Abstract])
TYMS,colorectal cancer,2026-09-14T05:17:00.080166+00:00,0.136,0.11,0.5147058823529411,True,0,complete,136,11,28,2026-09-14,2023-01-01,(TYMS[Title/Abstract]) AND (colorectal cancer[Title/Abstract])
TYMS,gastric cancer,2026-09-14T05:17:01.348819+00:00,0.033,0.02,0.3787878787878788,True,0,complete,33,2,5,2026-09-14,2023-01-01,(TYMS[Title/Abstract]) AND (gastric cancer[Title/Abstract])
TYMS,hepatocellular carcinoma,2026-09-14T05:17:02.506016+00:00,0.034,0.01,1.0,True,0,complete,34,1,14,2026-09-14,2023-01-01,(TYMS[Title/Abstract]) AND (hepatocellular carcinoma[Title/Abstract])
TYMS,hnscc,2026-09-14T05:17:07.142601+00:00,0.006,0.0,0.8333333333333333,True,0,complete,6,0,2,2026-09-14,2023-01-01,(TYMS[Title/Abstract]) AND (hnscc[Title/Abstract])
TYMS,lymphoma,2026-09-14T05:17:08.461276+00:00,0.021,0.01,0.35714285714285715,True,0,complete,21,1,3,2026-09-14,2023-01-01,(TYMS[Title/Abstract]) AND (lymphoma[Title/Abstract])
TYMS,nsclc,2026-09-14T05:17:09.687605+00:00,0.051,0.02,0.34313725490196073,True,0,complete,51,2,7,2026-09-14,2023-01-01,(TYMS[Title/Abstract]) AND (nsclc[Title/Abstract])
TYMS,ovarian cancer,2026-09-14T05:17:10.781161+00:00,0.009,0.0,0.8333333333333333,True,0,complete,9,0,3,2026-09-14,2023-01-01,(TYMS[Title/Abstract]) AND (ovarian cancer[Title/Abstract])
TYMS,pancreatic cancer,2026-09-14T05:17:11.969281+00:00,0.009,0.01,0.2777777777777778,True,0,complete,9,1,1,2026-09-14,2023-01-01,(TYMS[Title/Abstract]) AND (pancreatic cancer[Title/Abstract])
TYMS,solid tumors,2026-09-14T05:17:13.531274+00:00,0.016,0.01,0.625,True,0,complete,16,1,4,2026-09-14,2023-01-01,(TYMS[Title/Abstract]) AND (solid tumors[Title/Abstract])
VEGFA,bladder cancer,2026-09-14T05:17:16.581346+00:00,0.107,0.0,0.9345794392523363,True,0,complete,107,0,40,2026-09-14,2023-01-01,(VEGFA[Title/Abstract]) AND (bladder cancer[Title/Abstract])
VEGFA,breast cancer,2026-09-14T05:17:17.803798+00:00,0.651,0.31,0.6259600614439323,True,0,complete,651,31,163,2026-09-14,2023-01-01,(VEGFA[Title/Abstract]) AND (breast cancer[Title/Abstract])
VEGFA,cancer nos,2026-09-14T05:17:19.018499+00:00,0.0,0.0,0.0,True,0,complete,0,0,0,2026-09-14,2023-01-01,(VEGFA[Title/Abstract]) AND (cancer nos[Title/Abstract])
VEGFA,cervical cancer,2026-09-14T05:17:20.254460+00:00,0.096,0.04,1.0,True,0,complete,96,4,39,2026-09-14,2023-01-01,(VEGFA[Title/Abstract]) AND (cervical cancer[Title/Abstract])
VEGFA,colorectal cancer,2026-09-14T05:17:21.718526+00:00,0.55,0.28,0.6318181818181818,True,0,complete,550,28,139,2026-09-14,2023-01-01,(VEGFA[Title/Abstract]) AND (colorectal cancer[Title/Abstract])
VEGFA,endometrial cancer,2026-09-14T05:17:22.783315+00:00,0.066,0.03,0.5303030303030303,True,0,complete,66,3,14,2026-09-14,2023-01-01,(VEGFA[Title/Abstract]) AND (endometrial cancer[Title/Abstract])
VEGFA,gastric cancer,2026-09-14T05:17:23.979326+00:00,0.211,0.05,0.8175355450236966,True,0,complete,211,5,69,2026-09-14,2023-01-01,(VEGFA[Title/Abstract]) AND (gastric cancer[Title/Abstract])
VEGFA,glioblastoma,2026-09-14T05:17:25.203004+00:00,0.249,0.1,0.7630522088353413,True,0,complete,249,10,76,2026-09-14,2023-01-01,(VEGFA[Title/Abstract]) AND (glioblastoma[Title/Abstract])
VEGFA,hepatocellular carcinoma,2026-09-14T05:17:26.408428+00:00,0.365,0.07,0.9863013698630136,True,0,complete,365,7,144,2026-09-14,2023-01-01,(VEGFA[Title/Abstract]) AND (hepatocellular carcinoma[Title/Abstract])
VEGFA,leukemia,2026-09-14T05:17:27.615729+00:00,0.156,0.02,0.5769230769230769,True,0,complete,156,2,36,2026-09-14,2023-01-01,(VEGFA[Title/Abstract]) AND (leukemia[Title/Abstract])
VEGFA,lymphoma,2026-09-14T05:17:28.847391+00:00,0.128,0.05,0.46875,True,0,complete,128,5,24,2026-09-14,2023-01-01,(VEGFA[Title/Abstract]) AND (lymphoma[Title/Abstract])
VEGFA,melanoma,2026-09-14T05:17:30.183700+00:00,0.25,0.08,0.54,True,0,complete,250,8,54,2026-09-14,2023-01-01,(VEGFA[Title/Abstract]) AND (melanoma[Title/Abstract])
VEGFA,nsclc,2026-09-14T05:17:31.250192+00:00,0.224,0.03,0.7477678571428571,True,0,complete,224,3,67,2026-09-14,2023-01-01,(VEGFA[Title/Abstract]) AND (nsclc[Title/Abstract])
VEGFA,ovarian cancer,2026-09-14T05:17:32.459981+00:00,0.208,0.07,0.6490384615384616,True,0,complete,208,7,54,2026-09-14,2023-01-01,(VEGFA[Title/Abstract]) AND (ovarian cancer[Title/Abstract])
VEGFA,pancreatic cancer,2026-09-14T05:17:33.696271+00:00,0.126,0.01,0.6746031746031745,True,0,complete,126,1,34,2026-09-14,2023-01-01,(VEGFA[Title/Abstract]) AND (pancreatic cancer[Title/Abstract])
VEGFA,prostate cancer,2026-09-14T05:17:34.908487+00:00,0.18,0.03,0.6111111111111112,True,0,complete,180,3,44,2026-09-14,2023-01-01,(VEGFA[Title/Abstract]) AND (prostate cancer[Title/Abstract])
VEGFA,renal cell carcinoma,2026-09-14T05:17:36.105689+00:00,0.188,0.15,0.7047872340425532,True,0,complete,188,15,53,2026-09-14,2023-01-01,(VEGFA[Title/Abstract]) AND (renal cell carcinoma[Title/Abstract])
VEGFA,solid tumors,2026-09-14T05:17:37.333388+00:00,0.192,0.22,0.5468749999999999,True,0,complete,192,22,42,2026-09-14,2023-01-01,(VEGFA[Title/Abstract]) AND (solid tumors[Title/Abstract])
VEGFR2,bladder cancer,2026-09-14T05:17:38.582007+00:00,0.043,0.01,0.46511627906976744,True,0,complete,43,1,8,2026-09-14,2023-01-01,(VEGFR2[Title/Abstract]) AND (bladder cancer[Title/Abstract])
VEGFR2,breast cancer,2026-09-14T05:17:39.718127+00:00,0.666,0.33,0.7057057057057056,True,0,complete,666,33,188,2026-09-14,2023-01-01,(VEGFR2[Title/Abstract]) AND (breast cancer[Title/Abstract])
VEGFR2,cancer nos,2026-09-14T05:17:40.959894+00:00,0.0,0.0,0.0,True,0,complete,0,0,0,2026-09-14,2023-01-01,(VEGFR2[Title/Abstract]) AND (cancer nos[Title/Abstract])
VEGFR2,cervical cancer,2026-09-14T05:17:42.178091+00:00,0.069,0.03,0.7246376811594203,True,0,complete,69,3,20,2026-09-14,2023-01-01,(VEGFR2[Title/Abstract]) AND (cervical cancer[Title/Abstract])
VEGFR2,colorectal cancer,2026-09-14T05:17:43.363660+00:00,0.291,0.24,0.5756013745704467,True,0,complete,291,24,67,2026-09-14,2023-01-01,(VEGFR2[Title/Abstract]) AND (colorectal cancer[Title/Abstract])
VEGFR2,endometrial cancer,2026-09-14T05:17:44.555607+00:00,0.02,0.01,0.0,True,0,complete,20,1,0,2026-09-14,2023-01-01,(VEGFR2[Title/Abstract]) AND (endometrial cancer[Title/Abstract])
VEGFR2,hepatocellular carcinoma,2026-09-14T05:17:45.787919+00:00,0.34,0.16,0.6102941176470589,True,0,complete,340,16,83,2026-09-14,2023-01-01,(VEGFR2[Title/Abstract]) AND (hepatocellular carcinoma[Title/Abstract])
VEGFR2,hnscc,2026-09-14T05:17:47.006509+00:00,0.03,0.02,0.4166666666666667,True,0,complete,30,2,5,2026-09-14,2023-01-01,(VEGFR2[Title/Abstract]) AND (hnscc[Title/Abstract])
VEGFR2,leukemia,2026-09-14T05:17:48.240213+00:00,0.156,0.08,0.35256410256410253,True,0,complete,156,8,22,2026-09-14,2023-01-01,(VEGFR2[Title/Abstract]) AND (leukemia[Title/Abstract])
VEGFR2,melanoma,2026-09-14T05:17:49.400668+00:00,0.234,0.06,0.4594017094017094,True,0,complete,234,6,43,2026-09-14,2023-01-01,(VEGFR2[Title/Abstract]) AND (melanoma[Title/Abstract])
VEGFR2,nsclc,2026-09-14T05:17:50.627361+00:00,0.23,0.19,0.5108695652173914,True,0,complete,230,19,47,2026-09-14,2023-01-01,(VEGFR2[Title/Abstract]) AND (nsclc[Title/Abstract])
VEGFR2,ovarian cancer,2026-09-14T05:17:51.831721+00:00,0.146,0.11,0.547945205479452,True,0,complete,146,11,32,2026-09-14,2023-01-01,(VEGFR2[Title/Abstract]) AND (ovarian cancer[Title/Abstract])
VEGFR2,pancreatic cancer,2026-09-14T05:17:53.069864+00:00,0.08,0.09,0.53125,True,0,complete,80,9,17,2026-09-14,2023-01-01,(VEGFR2[Title/Abstract]) AND (pancreatic cancer[Title/Abstract])
VEGFR2,prostate cancer,2026-09-14T05:17:54.344486+00:00,0.171,0.08,0.3508771929824561,True,0,complete,171,8,24,2026-09-14,2023-01-01,(VEGFR2[Title/Abstract]) AND (prostate cancer[Title/Abstract])
VEGFR2,renal cell carcinoma,2026-09-14T05:17:55.502120+00:00,0.202,0.17,0.3341584158415841,True,0,complete,202,17,27,2026-09-14,2023-01-01,(VEGFR2[Title/Abstract]) AND (renal cell carcinoma[Title/Abstract])
VEGFR2,solid tumors,2026-09-14T05:17:56.716408+00:00,0.321,0.49,0.35046728971962615,True,0,complete,321,49,45,2026-09-14,2023-01-01,(VEGFR2[Title/Abstract]) AND (solid tumors[Title/Abstract])
VEGFR2,thyroid cancer,2026-09-14T05:17:57.986499+00:00,0.078,0.04,0.1923076923076923,True,0,complete,78,4,6,2026-09-14,2023-01-01,(VEGFR2[Title/Abstract]) AND (thyroid cancer[Title/Abstract])
